Identifier,Name
40374,SIGNET GROUP
44473,EMI GROUP
59585,SVF HOLDCO UK LTD COMMON STOCK
216238,AVIVA PLC COMMON STOCK GBP 25
236913,REUTERS GROUP
263494,BAE SYSTEMS PLC COMMON STOCK G
408284,STANDARD CHARTERED PLC COMMON
459497,IMPERIAL CHEM INDS
522708,LOGICA LTD
540528,HSBC HOLDINGS PLC COMMON STOCK
719210,VODAFONE GROUP PLC
754783,ROYAL BK SCOT GRP
790873,SSE PLC COMMON STOCK GBP 50
802165,SAGE GROUP PLC/THE
870612,LLOYDS BANKING GROUP PLC COMMO
945736,DAILY MAIL & GENERAL TRUST PLC
2002479,AES CORP/THE COMMON STOCK USD
2013200,ALCAN INC
2017213,ALLERGAN INC/UNITED STATES
2021690,ALTERA CORP
2021805,ALCOA INC
2024677,BARRICK GOLD CORP COMMON STOCK
2027342,AMERICAN INTERNATIONAL GROUP I
2029809,TRANE INC
2034524,AFFILIATED COMPUTER SERVICES I
2046552,APPLIED MATERIALS INC COMMON S
2072085,BAKER HUGHES A GE CO LLC COMMO
2085102,BAXTER INTERNATIONAL INC COMMO
2090571,VERIZON COMMUNICATIONS INC COM
2101967,SLM CORP COMMON STOCK USD 0.2
2162845,CAMPBELL SOUP CO COMMON STOCK
2171573,CANADIAN NATURAL RESOURCES LTD
2190385,JPMORGAN CHASE & CO COMMON STO
2192392,CHEESECAKE FACTORY INC/THE COM
2198163,CISCO SYSTEMS INC/DELAWARE COM
2206657,COCA-COLA CO/THE COMMON STOCK
2224701,CORNING INC COMMON STOCK USD 0
2250870,DANAHER CORP COMMON STOCK USD
2253608,AMERICAN TOWER CORP
2259101,TARGET CORP COMMON STOCK USD 0
2261526,DELL INC
2270726,WALT DISNEY CO/THE COMMON STOC
2272476,DOLLAR TREE INC COMMON STOCK U
2278719,DOW CHEMICAL CO/THE COMMON STO
2283401,XL GROUP PLC
2316341,EMERGING MARKETS GROWTH FUND I
2326618,EXXON MOBIL CORP COMMON STOCK
2341860,WACHOVIA CORP
2346508,FOREST LABORATORIES INC
2353058,FLEX LTD COMMON STOCK USD 0
2365213,GENERAL ELECTRIC CO AMERICA
2377809,GOODRICH CORPORATION
2378534,MCKESSON CORP COMMON STOCK USD
2380498,GENERAL ELECTRIC CO COMMON STO
2405302,HALLIBURTON CO COMMON STOCK US
2434209,HOME DEPOT INC/THE COMMON STOC
2457552,ILLINOIS TOOL WORKS INC COMMON
2463247,INTEL CORP COMMON STOCK USD 0.
2465254,INTERNATIONAL PAPER CO COMMON
2480138,KLA CORP COMMON STOCK USD 0.00
2515892,LINCARE HOLDINGS INC
2517382,UNITED PARCEL SERVICE INC COMM
2520153,AGILENT TECHNOLOGIES INC COMMO
2536763,LOWE'S COS INC COMMON STOCK US
2567503,HOST HOTELS & RESORTS INC REIT
2569297,EDGEWELL PERSONAL CARE CO COMM
2575465,MEDTRONIC INC
2588173,MICROSOFT CORP COMMON STOCK US
2590770,MILLENNIUM PHARMACEUTICALS
2636607,NEWMONT CORP COMMON STOCK USD
2645409,NISOURCE INC COMMON STOCK USD
2649100,WELLS FARGO & CO COMMON STOCK
2654461,CAPITAL ONE FINANCIAL CORP COM
2681511,PEPSICO INC COMMON STOCK USD 0
2692632,ALTRIA GROUP INC COMMON STOCK
2696838,FLUOR CORP COMMON STOCK USD 0.
2696980,POTASH CORP OF SASKATCHEWAN
2712165,TIME WARNER INC
2722670,AMERICA MOVIL SAB DE CV ADR US
2728429,RENAISSANCERE HOLDINGS LTD COM
2746829,ROHM AND HASS CO
2764296,KRAFT FOODS INC A
2765802,SANDISK CORP
2775135,SAP SE ADR USD
2779201,SCHLUMBERGER NV COMMON STOCK U
2794743,WELLPOINT INC
2796619,SEPRACOR INC
2838555,CHEVRON CORP COMMON STOCK USD
2859954,SUN MICROSYSTEMS INC
2861142,SUNCOR ENERGY INC (CAD)- OLD
2868165,SYSCO CORP COMMON STOCK USD 1
2871505,RADIOSHACK CORP
2898087,DAVITA INC COMMON STOCK USD 0.
2915500,RAYTHEON TECHNOLOGIES CORP COM
2917766,UNITEDHEALTH GROUP INC COMMON
2922447,SPRINT COMMUNICATIONS INC
2926104,AMERICREDIT CORP
2942188,WASHINGTON MUTUAL
2962421,WEATHERFORD INTL LTD
2986539,YAHOO! INC
2989044,ASTRAZENECA PLC ADR USD
3055977,FRIENDS PROVIDENT
3058750,HBOS PLC
3127489,MARKS & SPENCER GROUP PLC COMM
3171806,HIBU PLC
3283648,ROLLS-ROYCE GROUP PLC
4002121,BOUYGUES SA COMMON STOCK EUR 1
4011406,AIR LIQUIDE (BR)
4031879,VEOLIA ENVIRONNEMENT SA COMMON
4057808,L'OREAL SA COMMON STOCK EUR 0.
4072146,BANCA POPOLARE ITALIANA
4076836,INTESA SANPAOLO SPA COMMON STO
4263304,DNB ASA COMMON STOCK 10
4325538,COMMERZBANK AG
4424640,IBERDROLA SA
4502706,LAFARGE SA COMMON STOCK EUR 4
4712798,RENAULT SA COMMON STOCK EUR 3.
4834108,SCHNEIDER ELECTRIC SE COMMON S
4834777,VIVENDI SE COMMON STOCK EUR 5.
4846288,SAP SE COMMON STOCK EUR 0
4852832,STOREBRAND ASA COMMON STOCK NO
4942818,SAMSUNG ELECTRONICS CO LTD GDR
4942904,E.ON SE COMMON STOCK EUR 0
5069211,BAYER AG
5231485,ALLIANZ SE COMMON STOCK EUR 0
5250769,ABN AMRO HLDGS NV
5497102,VOLKSWAGEN AG COMMON STOCK EUR
5501906,BANCO BILBAO VIZCAYA ARGENTARI
5533976,SWISSCOM AG COMMON STOCK CHF 1
5596991,UCB SA COMMON STOCK EUR 0
5659902,ASTRAZENECA PLC COMMON STOCK G
5671735,SANOFI COMMON STOCK EUR 2
5679591,INVESTOR AB COMMON STOCK SEK 6
5705946,BANCO SANTANDER SA COMMON STOC
5727973,SIEMENS AG COMMON STOCK EUR 0
5732524,TELEFONICA SA COMMON STOCK EUR
5852842,ACCOR SA COMMON STOCK EUR 3
5902941,NOKIA OYJ COMMON STOCK EUR 0
5956078,KONINKLIJKE KPN NV COMMON STOC
5959378,TELEFONAKTIEBOLAGET LM ERICSSO
6084848,Z HOLDINGS CORP COMMON STOCK J
6125286,TREND MICRO INC/JAPAN COMMON S
6172323,CANON INC COMMON STOCK JPY
6250821,DIC CORP COMMON STOCK JPY
6251363,DAIWA HOUSE INDUSTRY CO LTD CO
6281939,JOHNSON ELECTRIC HOLDINGS LTD
6335171,MITSUBISHI UFJ FINANCIAL GROUP
6356934,FANUC CORP COMMON STOCK JPY
6408664,HANKYU HANSHIN HOLDINGS INC CO
6428725,HIROSE ELECTRIC CO LTD COMMON
6435145,HONDA MOTOR CO LTD COMMON STOC
6441506,HOYA CORP COMMON STOCK JPY
6480048,AEON CO LTD COMMON STOCK JPY
6483809,KAO CORP COMMON STOCK JPY
6487362,KEIO CORP COMMON STOCK JPY
6490995,KEYENCE CORP COMMON STOCK JPY
6513126,TOKIO MARINE HOLDINGS INC COMM
6536112,BOC HONG KONG HOLDINGS LTD COM
6563024,SUMITOMO MITSUI FINANCIAL GROU
6591014,MIZUHO FINANCIAL GROUP INC COM
6596729,MITSUBISHI ESTATE CO LTD COMMO
6596785,MITSUBISHI CORP COMMON STOCK J
6597067,MITSUBISHI HEAVY INDUSTRIES LT
6597302,MITSUI & CO LTD COMMON STOCK J
6597603,MITSUI FUDOSAN CO LTD COMMON S
6639550,NINTENDO CO LTD COMMON STOCK J
6641801,NITTO DENKO CORP COMMON STOCK
6642569,NIPPON STEEL CORP COMMON STOCK
6642666,NIPPON ELECTRIC GLASS CO LTD C
6642860,NISSAN MOTOR CO LTD COMMON STO
6659428,OMRON CORP COMMON STOCK JPY
6661144,ORIX CORP COMMON STOCK JPY
6744294,T&D HOLDINGS INC COMMON STOCK
6763965,SMC CORP COMMON STOCK JPY
6770620,SOFTBANK GROUP CORP COMMON STO
6804585,SHIN-ETSU CHEMICAL CO LTD COMM
6805265,SHISEIDO CO LTD COMMON STOCK J
6858560,SUMITOMO CHEMICAL CO LTD COMMO
6858827,SUMITOMO METAL INDUSTRIES
6858946,SUMITOMO CORP COMMON STOCK JPY
6859927,SUN HUNG KAI PROPERTIES LTD CO
6870445,TAKEDA PHARMACEUTICAL CO LTD C
6895404,TOKYO ELECTRIC POWER CO HOLDIN
6895675,TOKYO ELECTRON LTD COMMON STOC
6896548,TOKYU CORP COMMON STOCK JPY
6897217,TOSHIBA CORP COMMON STOCK JPY
6985565,YAMATO HOLDINGS CO LTD COMMON
6986449,BANK OF YOKOHAMA LTD/THE COMMO
7077524,NOVO NORDISK A/S COMMON STOCK
7088429,AXA SA COMMON STOCK EUR 2.29
7103065,NOVARTIS AG COMMON STOCK CHF 0
7110388,ROCHE HOLDING AG COMMON STOCK
7110753,HOLCIM LTD COMMON STOCK CHF 2
7111314,INDUSTRIA DE DISENO TEXTIL SA
7123870,NESTLE SA COMMON STOCK CHF 0.1
7136663,JCDECAUX SA COMMON STOCK EUR 0
7151116,COMPAGNIE FINANCIERE RICHEMONT
7154182,ING GROEP NV
7189816,SWISS REINSURANCE
7266117,FORTIS GROUP
7309681,BNP PARIBAS SA COMMON STOCK EU
7681248,HYPO REAL ESTATE HOLDING
7751259,YARA INTERNATIONAL ASA COMMON
7792559,HEINEKEN NV COMMON STOCK EUR 1
B010K20 ,DEPFA BANK PLC
B014635 ,SYNTHES INC
B01XK74 ,FREESCALE SEMICONDUCTOR INC
B020QX2 ,GOOGLE LLC COMMON STOCK USD 0.
B02PY22 ,SINGAPORE TELECOMMUNICATIONS L
B02Q328 ,ELECTRIC POWER DEVELOPMENT CO
B04QKW5 ,BRITISH ENERGY GROUP PLC
B0704T9 ,RAIFFEISEN BANK INTERNATIONAL
B09CBL4 ,ROYAL DUTCH SHELL PLC COMMON S
B09RMQ1 ,SEADRILL LTD/OLD
B0F0F09 ,MATCH GROUP INC COMMON STOCK U
B0FS5D6 ,SEVEN & I HOLDINGS CO LTD COMM
B0PB4M7 ,LINK REIT
B12GHV2 ,STARWOOD HOTELS & RESORTS WORL
B1747F5 ,AXA
037729B ,SOUTH AUST GOVT FIN I/L S:2
082567B ,DOWNING TOWER FINANCE LIMTITED
082983B ,PAPER BOND LTD S:A
083159B ,TREASURY CORP OF VICTORIA BOND
415957B ,MACQUARIE GOODMAN INDUSTRIAL F
518799B ,QIC SHOPPING CENTRE FUND S:MTN
522609B ,LANE COVE TUNNEL CIB INDEXED B
525213B ,TREASURY CORP VICTORIA INDEXED
526538B ,ING RETAIL PROPERTY S-1 CL-A C
527924B ,SYDNEY AIRPORT FINANCE INDEXED
527996B ,AUSTRALIAN PRIME PROPERTY FUND
528473B ,ROYAL BK OF SCOTLAND PLC S:1 B
533326B ,RWH FINANCE PTY LIMITED INDEXE
538137N ,COMMONWEALTH BANK OF AUSTRALIA
538140N ,HBOS TREASURY SERVICES PLC
538323D ,CBFC LTD.
538655N ,AUSTRALIA AND NEW ZEALAND BANK
538659N ,COMMONWEALTH BANK OF AUSTRALIA
538676N ,AUSTRALIA AND NEW ZEALAND BANK
538966N ,AUSTRALIA AND NEW ZEALAND BANK
540100N ,COMMONWEALTH BANK OF AUSTRALIA
540186D ,GE CAPTIAL
540187D ,NATIONAL AUSTRALIA BANK LTD./P
540358N ,NATIONAL AUSTRALIA BANK LTD.
540404D ,ESANDA FINANCE CORP. LTD.
540568D ,TELSTRA CORP. LTD.
540638D ,ESANDA FINANCE CORP LTD
540813B ,GOLDMAN SACHS GROUP INC S:MTN
540814B ,GOLDMAN SACHS GROUP INC S:MTN
540912B ,JEM (NSW SCHOOLS II) PTY LTD I
541163N ,COMMONWEALTH BANK OF AUSTRALIA
541209N ,HBOS TREASURY SERVICES PLC
541450B ,NOVACARE SOLUTIONS PARTNERSHIP
541774N ,AUSTRALIA AND NEW ZEALAND BANK
541796N ,WESTPAC BANKING CORP
541825B ,ALE FINANCE COMPANY PTY LTD CA
542112B ,QUEENSLAND TREASURY CORP
542305N ,NATIONAL AUSTRALIA BANK LTD
542323N ,COMMONWEALTH BANK OF AUSTRALIA
542324N ,WESTPAC BANKING CORP
542506D ,NATIONAL AUSTRALIA BANK LTD/UN
542578N ,ST GEORGE BANK LTD
542579N ,COMMONWEALTH BANK OF AUSTRALIA
542652D ,GE CAPITAL
542805D ,COLONIAL FINANCE LTD
542820N ,ST GEORGE BANK LTD
542821N ,AUSTRALIA AND NEW ZEALAND BANK
542827N ,WESTPAC BANKING CORP
542928N ,COMMONWEALTH BANK OF AUSTRALIA
542939N ,COMMONWEALTH BANK OF AUSTRALIA
6065230,AUSTRALIAN INDEX LINKED I/L S:
6068693,AUSTRALIAN INDEX LINKED S:10CI
6080448,AUSTRALIAN GOVERNMENT S:20CI C
6422363,NEW S WALES TREASURY CORP S:12
6532132,ELECTRANET PTY LTD I/L S:ILB C
6532381,AUST CAPITAL TERRITORY I/A C:S
6579281Y,WESTPAC FIRSTS
6589826,ENVESTRA VICTORIA LTD
6650777,CIVIC NEXUS FINANCE LTD C:SR U
6653044,BANK OF WESTERN AUST LTD SERIE
6711458,ST GEORGE BANK LTD - CALLABLE
6719117,BANK OF AMERICA CORP
6729019,WESTPAC BANKING S: MTN CALLABL
6741358,QUAY 62 PTY LTD S:2003-1 CL:B
B01BT59 ,SLM CORP S:EMTN
B01FVM2 ,QIC SHOPPING CENTRE FUND S - M
B02F1W1 ,ING INDUSTRIAL FUND PTY LTD S:
B02HHT6 ,AUSTRALAND FINANCE LIMITED S:2
B036Z43 ,TABCORP INVESTMENTS NO.4
B043P87 ,SUNCORP METWAY INSURANCE S:1 (
B043TH4 ,RABOBANK CAP FD TRUST VI PERP
B065PW5 ,WESTPAC BANKING S:MTN (CALLABL
B066078 ,NATIONAL AUSTRALIA BANK S-MTN
B06G9Q0 ,SPI AUSTRAL FIN PTY LTD S:MTN
B070KP7 ,TRANSURBAN FINANCE CMPNY - S:M
B070KQ8 ,NOVION PROPERTY GROUP S:11 C:S
B0HXXH9 ,IPG FINANCE PTY LTD
B0Q3QL5 ,CLP AUSTRALIA FINANCE CALL S:M
B0WRQ00 ,AUSTRALIAN GOVERNMENT S:122 C:
B0ZRNM8 ,MORGAN STANLEY C:SR UNSECURED
B11ZPB6 ,GPT RE LTD S:MTN
IR0307  ,90 DAY BANK BILL (SFE)
IR0308  ,90-DAY BANK BILL (SFE)
IR0607  ,90DAY BANK BILL (SFE) FUTURE
IR0906  ,90-DAY BANK BILL (SFE) FUTURE
IR0907  ,90DAY BANK BILL (SFE) FUTURE
IR1206  ,90 DAY BANK BILL FUTURE (SFE)
IR1207  ,90 DAY BANK BILL (SFE)
IRB0606 ,30 DAY INTERBANK (SFE) FUTURE
IRB0706 ,30 DAY INTERBANK (SFE) FUTURE
IRB0806 ,30 DAY INTERBANK (SFE) FUTURE
IRB0906 ,30 DAY INTERBANK (SFE) FUTURE
IRB1006 ,30 DAY INTERBANK (SFE) FUTURE
IRB1106 ,30 DAY INTERBANK (SFE) FUTURE
XM0906  ,AUST 10Y BOND FUTURE (SFE)
XM0906D ,AUST 10Y BOND FUTURE (SFE) - D
YM0906  ,AUST 3YR BOND FUTURE (SFE)
YM0906D ,AUST 3YR BOND FUTURE (SFE) - D
2016629,GAZPROM PJSC-SPON ADR
2192712,CIA ENERGETICA MINAS GERAIS-CE
2246039,FOMENTO ECONOMICO MEXICANO SAB
2406457,CEMEX SAB DE CV UNIT MXN 0
2416326,GOLD FIELDS LTD ADR USD
2537432,LUKOIL PJSC
2569305,UNIFIED ENERGY SYSTEM
2616580,PETROLEO BRASILEIRO SA ADR USD
2756743,SATYAM COMP ADR
2768243,MMC NORILSK NICKEL PJSC
2960210,NET SERVICOS DE COMUNICACAO SA
5624030,CEZ AS COMMON STOCK CZK 100
6040776,AFRICAN BANK INVESTMENTS LTD
6073556,CHINA MOBILE LTD COMMON STOCK
6136233,HENGAN INTERNATIONAL GROUP CO
6153339,AVENG LTD COMMON STOCK ZAR
6155250,SAMSUNG FIRE & MARINE INSURANC
6186669,CATCHER TECHNOLOGY CO LTD COMM
6187855,CHANG HWA COMMERCIAL BANK LTD
6189516,CJ CORP COMMON STOCK KRW 5000
6189538,CHEIL INDUSTRIES INC COMMON ST
6192150,CHINA OVERSEAS LAND & INVESTME
6224871,SK TELECOM CO LTD COMMON STOCK
6226576,PETROCHINA CO LTD COMMON STOCK
6260734,DELTA ELECTRONICS INC COMMON S
6280215,GOLD FIELDS LTD COMMON STOCK Z
6366676,GENTING BERHAD
6402428,HDC HOLDINGS CO LTD COMMON STO
6419365,KOOKMIN BANK
6422761,HARBIN ELECTRIC CO LTD COMMON
6425663,CATHAY FINANCIAL HOLDING CO LT
6438564,HON HAI PRECISION INDUSTRY CO
6450267,SK HYNIX INC COMMON STOCK KRW
6451668,LARGAN PRECISION CO LTD COMMON
6510536,HTC CORP COMMON STOCK TWD 10
6527666,CTBC FINANCIAL HOLDING CO LTD
6537096,GS ENGINEERING & CONSTRUCTION
6560393,NAVER CORP COMMON STOCK KRW 10
6560995,CHINA OILFIELD SERVICES LTD CO
6609445,MOTECH INDUSTRIES INC COMMON S
6622691,NASPERS LTD COMMON STOCK ZAR 2
6628008,NEDBANK GROUP LTD COMMON STOCK
6665931,AMOREPACIFIC GROUP COMMON STOC
6709099,BANK RAKYAT INDONESIA PERSERO
6718976,CHINA LIFE INSURANCE CO LTD CO
6728726,REUNERT LTD COMMON STOCK ZAR 1
6772671,HANWHA AEROSPACE CO LTD COMMON
6777450,SASOL LTD COMMON STOCK ZAR 0
6801779,FOXCONN TECHNOLOGY CO LTD COMM
6805049,SHINSEGAE INC COMMON STOCK KRW
6896849,ORION HOLDINGS CORP COMMON STO
721719W ,BAJAJ HINDUSTHAN LIMITED DEUTS
811533W ,HINDALCO INDUSTRIES LIMITED -
B00FM53 ,BANCO BRADESCO SA
B014K55 ,NATURA COSMETICOS SA COMMON ST
B01FLR7 ,PING AN INSURANCE GROUP CO OF
B01JPG6 ,ZENTIVA BV
B01SCS4 ,BRADESPAR SA PREFERENCE BRL 0
B02YHX1 ,JAIPRAKASH ASSOCIATES LTD - CI
B02YZ04 ,WAL-MART DE MEXICO SAB DE CV
B037HR3 ,ITAU UNIBANCO HOLDING SA PREFE
B03BN88 ,ORASCOM CONSTRUCTION INDUSTRIE
B03MP18 ,ARCELIK AS COMMON STOCK TRY 1
B03MYP5 ,TURKIYE GARANTI BANKASI AS COM
B03N0C7 ,HACI OMER SABANCI HOLDING AS C
B03WBK9 ,DIAGNOSTICOS DA AMERICA SA COM
B064FC2 ,SISTEMA PJSFC GDR USD
B06L266 ,SUBMARINO SA
B06QT37 ,ALL AMERICA LATINA LOGISTICA
B092QP3 ,MELCO INTERNATIONAL DEVELOPMEN
B09N7M0 ,CHINA SHENHUA ENERGY CO LTD CO
B0F4RV6 ,NOVATEK OAO - SPONSORED GDR 14
B0J4PP2 ,TIGER BRANDS LTD COMMON STOCK
B0JM8W4 ,DEUTSCHE BANK - CW07
B0LD911 ,TATA MOTORS LTD-CW07 DEUTSCHE
B0MCY56 ,CITIGRP-CW12 (ITC LIMITED)
B0P72G5 ,COSAN SA COMMON STOCK BRL 0
B0RNRF5 ,HANA FINANCIAL GROUP INC COMMO
B12P1B7 ,BAJAJ HINDUSTH LIMITED-UBS CW0
B154564 ,BANK OF CHINA LTD COMMON STOCK
B15SK50 ,AMOREPACIFIC CORP COMMON STOCK
B188HM3 ,SUZLON ENERGY LIMITED - UBS CW
527474S ,ASPEN GROUP
542423S ,MFS LIVING AND LEISURE GROUP
6003843,AWE LTD COMMON STOCK 0
6037745,CNPR GROUP
6064969,AUSTRALIAN GAS LIGHT COMPANY
6065586,AUSTRALIA & NEW ZEALAND BANKIN
6066608,AMCOR PLC CDI AUD 0
6068574,APN NEWS & MEDIA LTD
6076146,WESTPAC BANKING CORP COMMON ST
6087289,TELSTRA CORP LTD COMMON STOCK
6120009,BRAMBLES INDUSTRIES LIMITED
6123451,COCA-COLA AMATIL LTD COMMON ST
6129222,ASX LTD COMMON STOCK AUD 0
6144690,BHP GROUP LTD COMMON STOCK AUD
6150664,COMMONWEALTH PROPERTY OFFICE
6161503,CALTEX AUSTRALIA LTD
6161978,MIRVAC GROUP
6173508,HARVEY NORMAN HOLDINGS LTD COM
6180412,COMPUTERSHARE LTD COMMON STOCK
6185495,CSL LTD COMMON STOCK AUD 0
6185699,UNITAB LIMITED
6200882,TRANSURBAN GROUP STAPLED SECUR
6205694,INVESTA OFFICE FUND
6211798,COCHLEAR LTD COMMON STOCK AUD
6214861,ORIGIN ENERGY LTD COMMON STOCK
6215035,COMMONWEALTH BANK OF AUSTRALIA
6218670,BORAL LTD COMMON STOCK AUD 0
6220103,RIO TINTO LTD COMMON STOCK AUD
6221667,RESMED INC CDI AUD
6222206,PAPERLINX LTD
6225595,CHARTER HALL RETAIL REIT
6238645,CSR LTD COMMON STOCK AUD 0
6253983,ARISTOCRAT LEISURE LTD COMMON
6265977,DCA GROUP LIMITED
6271026,INSURANCE AUSTRALIA GROUP LTD
6277916,BILLABONG INTERNATIONAL LTD CO
6286611,ANSELL LTD COMMON STOCK AUD 0
6293699,ALINTA LTD
6293729,ONESTEEL LTD
6338675,ABC LEARNING CENTRES
6349268,FOSTERS GROUP LIMITED
6357852,ELDERS LTD COMMON STOCK AUD 0
6361370,CFS RETAIL PROPERTY TRUST GROU
6365866,GPT GROUP
6388960,AWB LTD
6397825,OZ MINERALS LTD COMMON STOCK A
6412977,JAMES HARDIE INDUSTRIES NV
6419558,ING INDUSTRIAL FUND
6432920,HEALTHSCOPE LTD
6456942,INTOLL GROUP
6458001,ORICA LTD COMMON STOCK AUD 0
6465573,DOWNER EDI LTD COMMON STOCK AU
6467074,FAIRFAX MEDIA LTD COMMON STOCK
6511227,LEIGHTON HOLDINGS LTD
6512004,LENDLEASE CORP LTD STAPLED SEC
6518596,LIHIR GOLD LTD
6533232,BLUESCOPE STEEL LTD COMMON STO
6538215,LION NATHAN LIMITED
6541860,MACQUARIE COMMUNICATIONS INFRA
6543628,MAP GROUPS
6551353,MACQUARIE BANK LIMITED
6552594,SIGMA PHARMACEUTICALS LTD
6562474,WORLEY LTD COMMON STOCK AUD 0
6574606,SYMBION HEALTH LTD
6585084,SUNCORP GROUP LTD COMMON STOCK
6599386,RINKER GROUP
6608516,PROMINA GROUP LTD
6617794,AXA ASIA PACIFIC HOLDINGS LIMI
6624608,NATIONAL AUSTRALIA BANK LTD CO
6637082,CONSOLIDATED MEDIA HOLDINGS LT
6637101,NEWCREST MINING LTD COMMON STO
6657604,OIL SEARCH LTD COMMON STOCK PG
6682394,PERPETUAL LTD COMMON STOCK AUD
6693749,TOLL HOLDINGS LTD COMMON STOCK
6703994,CHARTER HALL OFFICE REIT
6709958,AMP LTD COMMON STOCK AUD 0
6710347,QANTAS AIRWAYS LTD COMMON STOC
6715245,MULTIPLEX GROUP
6715740,QBE INSURANCE GROUP LTD COMMON
6726300,CHALLENGER LTD COMMON STOCK AU
6768421,ST GEORGE BANK LIMITED
6776703,SANTOS LTD COMMON STOCK AUD 0
6821120,SONIC HEALTHCARE LTD COMMON ST
6850856,STOCKLAND
6873262,TABCORP HOLDINGS LTD COMMON ST
6881500,SPARK NEW ZEALAND LTD COMMON S
6948836,WESFARMERS LTD COMMON STOCK AU
6949431,SEVEN WEST MEDIA LTD COMMON ST
6954145,INVESTA PROPERTY GROUP
6954985,ALUMINA LTD COMMON STOCK AUD 0
6957575,ILUKA RESOURCES LTD COMMON STO
6979728,WOODSIDE PETROLEUM LTD COMMON
6981239,WOOLWORTHS GROUP LTD COMMON ST
B00G2C3 ,ZINIFEX LIMITED
B01BTX7 ,WESTFIELD GROUP
B02WTT5 ,BABCOCK & BROWN LTD
B033YN6 ,DEXUS
B03FYZ4 ,GOODMAN GROUP
B03Q907 ,TWENTY-FIRST CENTURY FOX INC
B03S204 ,TWENTY-FIRST CENTURY FOX INC
B0744W4 ,METCASH LTD COMMON STOCK AUD 0
B0CRCP7 ,TATTS GROUP LTD COMMON STOCK U
B0LCW75 ,SIMS LTD COMMON STOCK AUD 0
B0PPC70 ,MAYNE PHARMA LTD
B0T0H76 ,GOODMAN FIELDER LTD
B0YMVL9 ,MACQUARIE CAPITAL ALLIANCE - S
B101CN6 ,CFS RETAIL PROPERTY TRUST NEW
B1037Z9 ,WESTFIELD GROUP - NEW
B103812 ,STOCKLAND-NEW
B117813 ,DYNO NOBEL LTD
B15F6S6 ,CHARTER HALL GROUP
XP0906  ,SPI 200 FUTURE (SFE)
6409485,HARDMAN RESOURCES LIMITED
6002840,AUSTRALIAN PHARMACEUTICAL INDU
6174493,PROGRAMMED MAINTENANCE SERVICE
6206200,COAL & ALLIED INDUSTRIES
6218335,CONSOLIDATED RUTILE LIMITED
6335331,NUFARM LTD/AUSTRALIA COMMON ST
6341617,FLETCHER BUILDING LTD COMMON S
6358004,GUD HOLDINGS LTD COMMON STOCK
6392949,GWA GROUP LTD COMMON STOCK AUD
6600471,MONADELPHOUS GROUP LTD COMMON
6649991,OAMPS LIMITED
6681960,NEW HOPE CORP LTD COMMON STOCK
B00G290 ,PACIFIC BRANDS LTD COMMON STOC
B0854Y8 ,HENDERSON GROUP PLC - CDI
532518S ,UNITED GROUP LIMITED
6673042,INCITEC PIVOT LTD COMMON STOCK
6914871,UGL LTD
6491705,GUNNS LTD
6522779,SFE CORPORATION
6570121,VALAD PROPERTY GROUP
6702623,JB HI-FI LTD COMMON STOCK AUD
6703949,PANAUST LTD COMMON STOCK USD 0
6836403,SPOTLESS GROUP LIMITED
6031855,MINARA RESOURCES LTD
6209908,COLES GROUP LIMITED
6783855,SEVEN NETWORK LTD
6000297,ADSTEAM MARINE LTD
6024208,AMALGAMATED HOLDINGS LTD
6070193,AUSTRALIAN INFRASTRUCTURE FUND
6151311,SKYCITY ENTERTAINMENT GROUP LT
6194695,CABCHARGE AUSTRALIA LTD
6283065,VISION SYSTEMS
6666150,PACIFIC GROUP LIMITED
6738929,RIDLEY CORP LTD COMMON STOCK A
6913209,GRD LIMITED
ANZVN106,AUST ANZ NZ BANKING GROUP LTD
ANZVP106,AUST AND NZ BANKING GROUP LTD
ANZVU106,AUST AND NZ BANKING GROUP LTD
ANZYO106,AUST AND NZ BANKING GROUP LTD
ANZYR106,AUST AND NZ BANKING GROUP LTD
B04C8F2 ,CONNECTEAST GROUP
B04NW19 ,TISHMAN SPEYER OFFICE FUND
B0RF609Y,SP AUSNET
CBAQO096,COMMONWEALTH BANK OF AUSTRALIA
CBASM096,COMMONWEALTH BANK OF AUSTRALIA
CBASZ096,COMMONWEALTH BANK OF AUSTRALIA
FGLFK106,FOSTER'S GROUP LTD
FGLFQ106,FOSTERS GROUP LIMITED
IAGCW096,INSURANCE AUSTRALIA GROUP LTD
NAB75106,NATIONAL AUSTRALIA BANK LTD
PBLEY096,PUBLISHING & BROADCASTING
PBLJ9096,PUBLISHING BROADCASTING LTD
PBLJC096,PUBLISHING BROADCASTING LTD
PBLL8096,PUBLISHING & BROADCASTING
PMNU8096,PROMINA GROUP LTD
RIO7B096,RIO TINTO LIMITED
RIOBU096,RIO TINTO LTD
SUNJH096,SUNCORP-METWAY LIMITED
SUNJO096,SUNCORP-METWAY LTD
TCLTK096,TRANSURBAN GROUP
WBCTU106,WESTPAC BANKING CORPORATION
WBCXU106,WESTPAC BANKING CORPORATION
WPLSU096,WOODSIDE PETROLEUM LTD
6128661,VEDA ADVANTAGE LTD.
B00R2H1 ,JUST GROUP LTD
B0LN825 ,INFIGEN ENERGY LTD STAPLED SEC
B14W0S6 ,WOTIF.COM HOLDINGS LTD COMMON
6003467,AUSTRALAND PROPERTY GROUP
6007652,ANDROMEDA METALS LTD COMMON ST
6029054,SMS MANAGEMENT & TECHNOLOGY LT
6031286,OIL BASINS LTD
6031877,LONESTAR RESOURCES LTD
6059910,PERENTI GLOBAL LTD
6100272,OM HOLDINGS LTD COMMON STOCK A
6105459,MEO AUSTRALIA LTD
6111735,SILEX SYSTEMS LTD COMMON STOCK
6137162,AUSTAL LTD COMMON STOCK AUD 0
6162272,SPHERE MINERALS LTD
6193410,MELBOURNE IT LTD
6198998,COATES HIRE LIMITED
6200417,HERALD RESOURCES LTD
6220675,ADELAIDE BANK
6221805,ISOFT GROUP LIMITED
6247748,ESPREON LIMITED
6247801,OAKTON LTD
6267995,ARROW ENERGY LIMITED
6273635,CHEMGENEX PHARMACEUTICALS LIMI
6286008,SIRTEX MEDICAL LTD
6290935,PEPLIN LIMITED
6297497,IRESS LTD COMMON STOCK AUD 0
6311911,COMMANDER COMMUNICATIONS
6328041,EASTERN STAR GAS LIMITED
6349224,TRANSFIELD SERVICES LTD
6351876,TPG CORP LTD COMMON STOCK USD
6489982,KEYCORP LTD
6617404,PRIME INFRASTRUCTURE GROUP
6625247,NATIONAL HIRE GROUP LIMITED
6637479,MD 064 377 420 PTY LTD COMMON
6691969,BOOM LOGISTICS LTD COMMON STOC
6699372,WINDIMURRA VANADIUM LTD
6707361,PHARMAXIS LTD COMMON STOCK AUD
6710701,TASSAL GROUP LTD COMMON STOCK
6712343,EDT RETAIL TRUST
6712611,CODAN LTD/AUSTRALIA COMMON STO
6716958,SAI GLOBAL LTD COMMON STOCK US
6742492,REDFLEX HOLDINGS LTD COMMON ST
6963743,MOUNT GIBSON IRON LTD COMMON S
B0126H3 ,REJECT SHOP LTD/THE COMMON STO
B01CKB5 ,JUMBUCK ENTERTAINMENT LIMITED
B04LVH2 ,VISION GROUP HOLDINGS LTD
B04S645 ,ANZON AUSTRALIA LTD
B04SF48 ,MESOBLAST LTD COMMON STOCK AUD
B05R8K1 ,AUSTRALIAN WEALTH MANAGEMENT L
B06CT57 ,TERRITORY RESOURCES LTD
B0794D0 ,AUSTRALIAN RENEWABLE FUELS LTD
B095X62 ,PEOPLEBANK AUSTRALIA LTD
B0R95D7 ,SAFEROADS HOLDINGS LTD COMMON
B0Z0WP3 ,ARROW ENERGY - WT06
B13YTQ4 ,PRAEMIUM LTD COMMON STOCK AUD
B15KVL9 ,ANZON AUSTRALIA LTD OPTION
B15SYX6 ,PEPLIN LIMITED - CW10
B15SZR7 ,PEPLIN LIMITED
B16TPM4 ,OIL BASINS LIMITED
B170P59 ,OIL BASINS LTD
541636U ,PIM MICRO CAP TRUST
6041995,RAMSAY HEALTH CARE LTD COMMON
6087643,BRAZIN LTD
6088204,BEACH ENERGY LTD COMMON STOCK
6117960,ARDENT LEISURE GROUP STAPLED S
6158709,BREVILLE GROUP LTD COMMON STOC
6161729,CAMPBELL BROTHERS LIMITED
6164955,AUSTAR UNITED COMMUNICATIONS
6165033,ROC OIL CO LTD COMMON STOCK 0
6175366,AQUARIUS PLATINUM LTD
6175441,TOWER CORPORATION
6220802,NUPLEX INDUSTRIES LTD
6229401,COVENTRY GROUP LTD COMMON STOC
6232108,COMMON STOCK AUD
6247306,APA GROUP STAPLED SECURITY AUD
6256465,DAVID JONES LTD
6307385,ENERGY DEVELOPMENTS LTD
6319959,EQUIGOLD NL
6337218,FINBAR GROUP LTD COMMON STOCK
6341662,ALLCO FINANCE GROUP LIMITED
6423957,FISHER & PAYKEL APPLIANCES HOL
6430872,S8 LIMITED
6511852,HOME BUILDING SOCIETY LTD
6518381,S8 LTD OPTS APR07
6558699,CORP EXPRESS
6577360,GUINNESS PEAT GROUP PLC
6603038,MAINFREIGHT LTD COMMON STOCK N
6669944,TREASURY GROUP LTD
6719634,RCR TOMLINSON LTD COMMON STOCK
6727013,REBEL SPORT LIMITED
6728801,REECE LTD COMMON STOCK AUD 0
6853769,INTERNATIONAL COAL HOLDINGS
6875224,WHK GROUP LTD
B00P286 ,PHOTON GROUP LIMITED
B00VZV8 ,NICK SCALI LTD COMMON STOCK AU
B013SX6 ,BRADKEN LTD COMMON STOCK 0
B01W167 ,MORTGAGE CHOICE LTD COMMON STO
B05M2D7 ,EIRCOM HOLDINGS LTD
B06G4W1 ,EVEREST FINANCIAL GROUP LTD
B06N2B7 ,EQUIGOLD NL - WT07
B07SFG7 ,DOMINO'S PIZZA ENTERPRISES LTD
B0LTJ86 ,MACQUARIE MEDIA GROUP LIMITED
B0S5D29 ,REVERSE CORP LTD COMMON STOCK
B10GBH8 ,BEACH PETROLUEM LTD-CW06
541479S ,CENTREBET INTERNATIONAL LIMITE
6047119,TALENT2 INTERNATIONAL LIMITED
6112921,CONSOLIDATED MINERALS LIMITED
6185622,CENTENNIAL COAL CO
6207775,CHANDLER MACLEOD GROUP LTD
6289654,NEXUS ENERGY LTD
6302410,TECHNOLOGY ONE LTD COMMON STOC
6317072,ST BARBARA LTD COMMON STOCK AU
6346690,CELLESTIS LTD
6349699,FKP PROPERTY GROUP
6369545,GINDALBIE METALS LTD COMMON ST
6504722,KIMBERLEY DIAMOND COMPANY NL
6537580,ABB GRAIN LIMITED
6540793,BAXTER GROUP LTD
6571511,SALMAT LTD COMMON STOCK AUD 0
6692531,KONEKT LTD
6710961,REPCO CORP LTD
6715267,INVOCARE LTD COMMON STOCK AUD
6795979,STW INVESTMENTS PTY LTD
B00G1Q0 ,MCMILLAN SHAKESPEARE LTD COMMO
B0141L8 ,EQUINOX MINERALS LTD
B0201N7 ,QUAY MAGNESIUM LTD
B02HJ56 ,METALS X LTD COMMON STOCK AUD
B0767Y3 ,SEEK LTD COMMON STOCK AUD 0
B07C9C3 ,DEXION LIMITED
B08BR36 ,EMECO LIMITED CONVERTIBLE NOTE
B0HTKH6 ,MAX TRUST
B0NZV53 ,METALS X LIMITED - CW08
B0SD6Y6 ,OAKS HOTELS & RESORTS LIMITED
B11LJ90 ,HFA HOLDINGS LTD
B12TY10 ,ADITYA BIRLA MINERALS LTD
B154TW8 ,SEDGMAN LTD
B17KTF7 ,BRAVURA SOLUTIONS LIMITED
6002215,ARB CORP LTD
6006886,ADBRI LTD COMMON STOCK AUD 0
6063557,ALESCO CORP LTD COMMON STOCK A
6105512,ARC ENERGY LTD
6174482,IINET LTD
6317715,ENERGY RESOURCES OF AUSTRALIA
6328472,GOLD ONE INTERNATIONAL LIMITED
6405665,PANORAMIC RESOURCES LTD COMMON
6479660,JUBILEE MINES NL
6904344,SOUTHERN CROSS BROADCASTING
B00NTW3 ,EXCEL COAL LTD
B01QLP8 ,PEET LTD COMMON STOCK AUD 0
B06GX35 ,HASTIE GROUP LTD
B0BXP24 ,APN PROPERTY GROUP LTD COMMON
B0FLLH1 ,APN EUROPEAN RETAIL PROPERTY G
B0MBNC3 ,AUB GROUP LTD COMMON STOCK AUD
087706U ,WARAKIRRI ENDEAVOR FUND
514967U ,WARAKIRRI NEW DIMENS
718875,RIO TINTO PLC COMMON STOCK GBP
876289,BG GROUP LTD
2011602,AIR PRODUCTS AND CHEMICALS INC
2640891,NOKIA OYJ ADR USD 0
2701271,COSTCO WHOLESALE CORP COMMON S
2777294,SASOL LTD ADR USD
2881098,TELEFONICA SA ADR USD
3398649,ITV PLC COMMON STOCK GBP 10
3422355,ROLLS ROYCE GROUP B SHARES
4182249,CRH PLC COMMON STOCK EUR 0.32
5179712,UNICREDITO ITALIANO SPA
541637U ,CAPITAL INTERNATIONAL EMERGING
5497168,VOLKSWAGEN AG PREFERENCE EUR 0
6158163,HSBC HOLDINGS PLC COMMON STOCK
6195609,CHUBU ELECTRIC POWER CO INC CO
6303866,SINGAPORE EXCHANGE LTD COMMON
6408374,HANG SENG BANK LTD COMMON STOC
6610403,MURATA MANUFACTURING CO LTD CO
6640400,NEC CORP COMMON STOCK JPY
6642321,NIKON CORP COMMON STOCK JPY
6804035,SHIMAMURA CO LTD COMMON STOCK
6870122,MITSUI SUMITOMO INS COMP LIMIT
7110720,ADECCO GROUP AG COMMON STOCK C
B014JG9 ,NESTLE SA ADR USD
B03MM40 ,ROYAL DUTCH SHELL PLC COMMON S
B08SNH3 ,NATIONAL GRID PLC COMMON STOCK
B0F0DY9 ,EXPEDIA INC - W/I
560399,LEGAL & GENERAL GROUP PLC COMM
738992,OLD MUTUAL PLC
989529,ASTRAZENECA PLC COMMON STOCK G
2002305,ABBOTT LABORATORIES COMMON STO
2005973,INTERNATIONAL BUSINESS MACHINE
2008154,ADOBE INC COMMON STOCK USD 0.0
2008853,ACE LIMITED
2014441,RYANAIR HOLDINGS PLC
2018175,EI DU PONT DE NEMOURS & CO USD
2044545,COMCAST CORP COMMON STOCK USD
2076009,BANK OF MONTREAL COMMON STOCK
2108601,BOEING CO/THE COMMON STOCK USD
2113434,BOSTON SCIENTIFIC CORP COMMON
2125600,TALISMAN ENERGY INC
2170473,CONSTELLATION BRANDS INC COMMO
2175672,CARDINAL HEALTH INC COMMON STO
2202536,CLEAR CHANNEL COMMUNICATIONS
2217228,CON-WAY INC
2229676,COUNTRYWIDE FINANCIAL CORPORAT
2279303,OMNICOM GROUP INC COMMON STOCK
2282947,DST SYSTEMS INC
2295172,EMC CORP
2295677,BANK OF AMERICA CORP COMMON ST
2297907,CITIGROUP INC
2310194,ELECTRONIC ARTS INC COMMON STO
2312071,SMURFIT-STONE CONTAINER CORP
2334150,FEDERAL HOME LOAN MORTGAGE COR
2344331,FIRST DATA CORP COM
2375643,GOLDEN WEST FINANCIAL CORP
2407966,GOLDMAN SACHS GROUP INC/THE CO
2424006,HP INC COMMON STOCK USD 0.01
2439538,GENENTECH INC
2476803,JOHNSON CONTROLS INC COMMON ST
2491839,KIMBERLY-CLARK CORP COMMON STO
2510790,FORWARD AIR CORP COMMON STOCK
2516152,ELI LILLY & CO COMMON STOCK US
2522096,LOCKHEED MARTIN CORP COMMON ST
2547044,MBIA INC COMMON STOCK USD 1
2594653,MARVELL TECHNOLOGY GROUP LTD C
2595708,3M CO COMMON STOCK USD 0.01
2603225,MOBILE TELESYSTEMS PJSC ADR US
2639189,CHINA PETROLEUM & CHEMICAL COR
2655408,OCCIDENTAL PETROLEUM CORP COMM
2670519,EXELON CORP COMMON STOCK USD 0
2684316,PETRO-CANADA
2685654,PLDT INC ADR USD
2685717,CONOCOPHILLIPS COMMON STOCK US
2695921,AETNA INC COMMON STOCK USD 0.0
2714923,QUALCOMM INC COMMON STOCK USD
2763129,EQUINOR ASA ADR USD
2763958,ACCENTURE LTD
2778844,MERCK & CO INC COMMON STOCK US
2801687,TURKCELL ILETISIM HIZMETLERI A
2802992,PRIDE INTERNATIONAL
2831167,INGERSOLL-RAND CO COMMON STOCK
2831543,SOUTHWEST AIRLINES CO COMMON S
2841489,STAPLES INC COMMON STOCK USD 0
2842040,STATE STREET CORP COMMON STOCK
2852395,ALCON INC
2857334,VALE SA ADR USD 0
2862532,EW SCRIPPS CO/THE COMMON STOCK
2885120,CHUNGHWA TELECOM CO LTD-ADR
2885700,TXU CORPORATION
2898032,TOTALENERGIES SE ADR USD
2945143,WEBSTER FINANCIAL CORP COMMON
3134865,BARCLAYS PLC COMMON STOCK GBP
3319521,KINGFISHER PLC COMMON STOCK GB
3327706,VEDANTA RESOURCES PLC COMMON S
4232445,UNICREDITO ITALIANO SPA
5048566,SWEDISH MATCH AB COMMON STOCK
5086577,BASF SE COMMON STOCK EUR 0
5176177,ORANGE SA COMMON STOCK EUR 4
5294121,MUENCHENER RUECKVERSICHERUNGS-
5505072,KERING SA COMMON STOCK EUR 4
5641567,CARREFOUR SA COMMON STOCK EUR
5758218,HON HAI PRECISION INDUSTRY CO
6267359,HONG KONG EXCHANGES & CLEARING
6307200,EISAI CO LTD COMMON STOCK JPY
6356525,FUJIFILM HOLDINGS CORP COMMON
6474535,JAPAN TOBACCO INC COMMON STOCK
6588577,TELKOM SA SOC LTD COMMON STOCK
6730936,SHINSEI BANK LTD COMMON STOCK
6771720,SAMSUNG ELECTRONICS CO LTD COM
6805328,SHIZUOKA BANK LTD/THE COMMON S
6876067,TAKEFUJI CORP
6900643,TOYOTA MOTOR CORP COMMON STOCK
6985383,ASTELLAS PHARMA INC COMMON STO
7021963,DEUTSCHE BOERSE AG COMMON STOC
7076242,UNIBAIL-RODAMCO
7103526,PEUGEOT SA COMMON STOCK EUR 1
7126114,UBS AG
7153770,EURONEXT
7154609,CAPITALIA SPA HOLDINGS
7171589,CREDIT SUISSE GROUP AG COMMON
7380482,CIE DE SAINT-GOBAIN COMMON STO
7622225,UNIONE DI BANCHE ITALIANE SPA
B01NTB1 ,GOL LINHAS AEREAS INTELIGENTES
B07CYQ2 ,JULIUS BAER HOLDINGS
B0WV7P4 ,LOTTE SHOPPING CO LTD
B10QL56 ,VIRGIN MEDIA INC
B12T3J1 ,UNILEVER NV DUTCH CERT
B142VX8 ,EMBARQ CORPORATION
56434,ASSOCIATED BRITISH PORTS HOLDI
67340,BAA
93152,ENDONIS
128269,INVESCO PLC
162557,CABLE & WIRELESS
173474,CAPITA GROUP
230346,ARRIVA PLC
237400,DIAGEO PLC COMMON STOCK GBP 28
262565,INFORMA GROUP PLC
267043,DEVRO PLC COMMON STOCK GBP 10
268596,PROVIDENT FINANCIAL PLC
416102,HAYS PLC COMMON STOCK GBP 1
425045,REXAM PLC
533153,COMPASS GROUP PLC COMMON STOCK
688462,PILKINGTON
727871,RECKITT BENCKISER PLC
730835,REED ELSEVIER PLC
798059,BP PLC COMMON STOCK GBP 0.25
807041,INVENSYS PLC
818270,SMITHS GROUP PLC
884709,TESCO PLC GBP
925288,GLAXOSMITHKLINE PLC COMMON STO
2000019,AMAZON.COM INC COMMON STOCK US
2001692,AMR CORP
2026082,AMERICAN EXPRESS CO COMMON STO
2026866,AMERICAN GREETINGS CORP
2044750,SUN-TIMES MEDIA GROUP INC COMM
2056807,ABITIBI-CONSOLIDATED LTD
2073390,BERKSHIRE HATHAWAY INC COMMON
2089687,COMCAST CORP
2089933,BCE INC
2090485,NII HOLDINGS INC
2109723,BOMBARDIER INC COMMON STOCK CA
2126335,BRISTOL-MYERS SQUIBB CO COMMON
2155919,LEVEL 3 COMMUNICATIONS
2158866,SUPERIOR ESSEX INC
2162243,CABLEVISION SYSTEMS CORP COMMO
2169051,ROGERS COMMUNICATIONS INC COMM
2196877,CINCINNATI BELL INC COMMON STO
2252058,MOODY'S CORP COMMON STOCK USD
2256511,IMS HEALTH INC
2279002,DOW JONES & CO INC
2342807,FLEETWOOD ENTERPRISES INC
2372763,GARTNER INC COMMON STOCK USD 0
2398855,FORRESTER RESEARCH INC COMMON
2454241,IMPERIAL OIL LTD COMMON STOCK
2459075,NATUZZI SPA
2478144,INTERNATIONAL SPEEDWAY CORP CO
2487236,PRIMEDIA INC
2510767,LEARNING TREE INTERNATIONAL IN
2537573,LUCENT TECHNOLOGIES INC
2538800,LUXOTTICA GROUP SPA ADR USD 0.
2548616,MGIC INVESTMENT CORP COMMON ST
2578464,MERCURY GENERAL CORP COMMON ST
2583877,NORTEL NETWORKS CORP
2607647,KANSAS CITY SOUTHERN COMMON ST
2639930,99 CENTS ONLY STORES
2642767,NORTHWEST AIRLINES CORP
2648259,WATSON WYATT & CO
2690506,PITNEY BOWES INC COMMON STOCK
2758051,RAYTHEON CO COMMON STOCK MXN 0
2779063,BOOKING HOLDINGS INC COMMON ST
2781518,SCOTTS MIRACLE-GRO CO/THE COMM
2881612,TELEFONOS DE MEXICO SA DE CV
2985202,XEROX CORP COMMON STOCK USD 1
3091357,BT GROUP PLC COMMON STOCK GBP
3121522,CARNIVAL PLC COMMON STOCK GBP
3163836,INTERTEK GROUP PLC COMMON STOC
3351608,HANSON PLC
3387216,ICAP PLC
3387227,ENTERPRISE INNS PLC
3432116,HOMESERVE PLC
3434189,EIRCOM GROUP
4113766,BOSKALIS WESTMNSTER
4162791,THALES SA COMMON STOCK EUR 3
4329659,FYFFES PLC COMMON STOCK EUR 0.
4426862,HOGANAS AB
4617859,DEUTSCHE POST AG COMMON STOCK
4699103,INDEPENDENT NEWS AND MEDIA
4768768,SAIPEM SPA COMMON STOCK EUR 0
4797364,SCOR SA
4865379,SVENSKA CELLULOSA AB
5064744,PUBLIGROUPE AG COMMON STOCK EU
5129074,FRESENIUS MEDICAL CARE AG & CO
5140213,PROSEGUR CIA DE SEGURIDADSA
5226038,SAMPO OYJ COMMON STOCK EUR 0
5479702,TIETOEVRY OYJ COMMON STOCK EUR
5529027,DAIMLER AG COMMON STOCK EUR 0
5579107,ACCIONA SA COMMON STOCK EUR 1
5638280,VISCOFAN SA COMMON STOCK EUR 0
5654781,ATOS SE COMMON STOCK EUR 1
5671519,WOLTERS KLUWER NV COMMON STOCK
5696192,GEBERIT AG
5698789,ASSA ABLOY AB COMMON STOCK SEK
5703661,SVENSKA HANDELSBANKEN AB COMMO
5713422,NELES OYJ COMMON STOCK EUR 0
5730669,SOGECABLE SA
5748521,FIAT SPA COMMON STOCK EUR 3.58
5756029,BAYERISCHE MOTOREN WERKE AG CO
5961544,DEMANT A/S COMMON STOCK DKK 0.
5964651,VESTAS WIND SYSTEMS A/S COMMON
5975006,ALCATEL LUCENT SA
5986622,KONINKLIJKE PHILIPS NV COMMON
6010906,AJINOMOTO CO INC COMMON STOCK
6052607,ASIA SATELLITE TELECOMMUNICATI
6075693,BANK OF FUKUOKA
6075745,CIMB GROUP HOLDINGS BHD COMMON
6105028,TOPPAN FORMS CO LTD COMMON STO
6105578,CLICKS GROUP LTD COMMON STOCK
6129277,NTT DOCOMO INC JPY
6132101,BRIDGESTONE CORP COMMON STOCK
6152972,ANGLO AMERICAN PLC
6177533,ABS-CBN HOLDINGS CORP RECEIPT
6190563,CHIBA BANK LTD/THE COMMON STOC
6193937,I-CABLE COMMUNICATIONS LTD COM
6197810,CITY LODGE HOTELS LTD COMMON S
6235000,GREAT EASTERN HOLDINGS LTD COM
6248990,KDDI CORP COMMON STOCK JPY
6250025,DAIFUKU CO LTD COMMON STOCK JP
6250906,DAI NIPPON PRINTING CO LTD COM
6283979,INDOFOOD SUKSES MAKMUR TBK PT
6284864,GLOBE TELECOM INC COMMON STOCK
6291701,MATAHARI PUTRA TBK
6298542,EAST JAPAN RAILWAY CO COMMON S
6302700,EBARA CORP COMMON STOCK JPY
6331276,FAMILYMART CO LTD COMMON STOCK
6338590,GUOCOLEISURE LTD
6339872,FIRST PACIFIC CO LTD COMMON ST
6357261,FUJITSU FRONTECH LTD COMMON ST
6366999,GUDANG GARAM TBK PT COMMON STO
6412591,ADVANCED INFO SERVICE PCL FORE
6416872,NEXT MEDIA LTD
6420538,HENDERSON LAND DEVELOPMENT CO
6420538R,HENDERSON LAND DEVELOPMENT COM
6429104,HITACHI LTD COMMON STOCK JPY
6435264,HONG KONG AIRCRAFT ENGINEERING
6436386,HONGKONG & SHANGHAI HOTELS LTD
6460222,SILVER GRANT INTERNATIONAL HOL
6461601,INABATA & CO LTD COMMON STOCK
6466844,ISETAN CO
6472119,JARDINE MATHESON HOLDINGS LTD
6472960,JARDINE STRATEGIC HOLDINGS LTD
6479648,JD GROUP LTD/SOUTH AFRICA COMM
6483821,ONWARD HOLDINGS CO LTD COMMON
6484620,KAWASAKI HEAVY INDUSTRIES LTD
6492924,KINDEN CORP COMMON STOCK JPY
6493745,KIRIN HOLDINGS CO LTD COMMON S
6498933,KUMPULAN GUTHRIE BHD
6523341,BANCO DE ORO
6539821,GMM GRAMMY PCL FOREIGN SH. THB
6543770,NIPPON MINING HOLDINGS INC
6545248,BANK PAN INDONESIA TBK PT COMM
6549820,MBK PCL
6556682,MALAYSIAN AIRLINE SYSTEM BHD
6560713,MANDARIN ORIENTAL INTERNATIONA
6572707,PANASONIC CORP COMMON STOCK JP
6572729,PANASONIC ELECTRIC WORKS CO LT
6606996,FIRSTRAND LTD COMMON STOCK ZAR
6609627,MAGNUM BHD COMMON STOCK MYR 0
6609906,SIAM CEMENT PCL/THE FOREIGN SH
6609928,SIAM CEMENT PCL/THE NVDR THB 1
6619507,NGK INSULATORS LTD COMMON STOC
6625560,THANACHART CAPITAL PCL
6633767,NEW WORLD DEVELOPMENT CO LTD C
6640541,NIPPON SANSO HOLDINGS CORP COM
6640767,NH FOODS LTD COMMON STOCK JPY
6640927,NIPPON SUISAN KAISHA LTD COMMO
6641373,NIPPON TELEGRAPH & TELEPHONE C
6641403,NIPPON OIL CORPORATION
6641522,NORITAKE CO LTD/NAGOYA JAPAN C
6642923,NISSHINBO HOLDINGS INC COMMON
6687214,ALFRESA HOLDINGS CORP COMMON S
6703295,PROMISE CO
6731962,RESORTS WORLD BERHAD
6738220,RICOH CO LTD COMMON STOCK JPY
6755821,RMB HOLDINGS LTD COMMON STOCK
6761000,ANGLO AMERICAN PLATINUM LTD CO
6763200,RYOSAN CO LTD COMMON STOCK JPY
6775432,SANKYO CO LTD COMMON STOCK JPY
6791591,SECOM CO LTD COMMON STOCK JPY
6793906,SEKISUI HOUSE LTD COMMON STOCK
6795236,SEMEN INDONESIA PERSERO TBK PT
6804400,SHIMIZU CORP COMMON STOCK JPY
6821506,SONY GROUP CORP COMMON STOCK J
6856995,SMARTONE TELECOMMUNICATIONS HO
6858708,SUMITOMO ELECTRIC INDUSTRIES L
6858849,SUMITOMO METAL MINING CO LTD C
6858861,SUMITOMO FORESTRY CO LTD COMMO
6859002,SUMITOMO TRUST & BANKING CO
6868398,TELEKOM MALAYSIA BHD COMMON ST
6869302,TDK CORP COMMON STOCK JPY
6870984,MITSUBISHI TANABE PHARMA CORP
6881674,TELEVISION BROADCASTS
6888794,KASIKORNBANK PCL FOREIGN SH. T
6894898,TOKYO OHKA KOGYO CO LTD COMMON
6895448,TOKYO GAS CO LTD COMMON STOCK
6900212,LIXIL CORP COMMON STOCK JPY
6900267,TOYO SEIKAN GROUP HOLDINGS LTD
6905808,TSINGTAO BREWERY CO LTD COMMON
6916532,SINGAPORE LAND GROUP LTD COMMO
6957995,WEST JAPAN RAILWAY CO COMMON S
6981488,WHEELOCK & CO LTD COMMON STOCK
6985264,YAMAHA MOTOR CO LTD COMMON STO
6985543,AZBIL CORP COMMON STOCK JPY
6986063,SOMPO JAPAN INSURANCE
7121250,KUDELSKI SA COMMON STOCK CHF 8
7128541,BANCA MONTE DEI PASCHI DI SIEN
7156036,SONOVA HOLDING AG COMMON STOCK
7281875,ARCELORMITTAL SA COMMON STOCK
B00G5P7 ,BLUE NILE INC
B018SX1 ,GROUPE DANONE
B018V87 ,LIBERTY GLOBAL INC
B01KGF5 ,VIAD CORP COMMON STOCK USD 1.5
B01NL71 ,STAGECOACH GROUP PLC
B01R8D8 ,FRASERS PAPERS INC W/I
B01ZVZ5 ,ACERINOX SA COMMON STOCK EUR 0
B02V657 ,BLOCKBUSTER INC CL-A
B031P71 ,ACE AVIATION HOLDINGS INC - A
B03WF63 ,GLOBAL YELLOW PAGES LTD
B04TZX0 ,COLOPLAST SER B
B05J982 ,NOVELIS INC
B06BLB4 ,MY TRAVEL GROUP
B0744B3 ,BUNZL PLC COMMON STOCK GBP 32.
B092PQ7 ,AGERE SYSTEMS INC - CL A
B09FGC9 ,CARLSBERG BREWERY MALAYSIA BHD
B09JBT3 ,AYALA CORP COMMON STOCK PHP 50
B09PXT5 ,MATICHON PCL FOREIGN SH. THB 1
B0B3SV4 ,BWIN.PARTY DIGITAL ENTERTAINME
B0BCFS7 ,DISCOVERY HOLDING CO - A
B0BV6K3 ,BANCO POPULAR ESPANOL SA COMMO
B0BZMB8 ,AEROPLAN INCOME FUND
B0C3HL6 ,LOGITECH INTERNATIONAL SA
B0J6N10 ,WPP PLC
B0J7D57 ,AMERIPRISE FINANCIAL INC COMMO
B0JCB81 ,LIBERTY GLOBAL INC
B0JDQD4 ,BANDAI NAMCO HOLDINGS INC COMM
B0KS490 ,SUN INTERNATIONAL LTD/SOUTH AF
B0LGKM8 ,US AIRWAYS GROUP INC
B0P7Y25 ,ALLIANCE BOOTS GROUP PLC
B0SRLD2 ,VIACOM INC COMMON STOCK USD 0.
B0SRLG5 ,VIACOMCBS INC COMMON STOCK USD
B0T7YX2 ,LIVE NATION ENTERTAINMENT INC
B0ZSH63 ,LADBROKES CORAL GROUP LTD
B12MX90 ,BAA PLC
B144703 ,LIBERTY INTERACTIVE CORP QVC G
B144736 ,LIBERTY MEDIA CORP- LIBERTY CA
B14YK48 ,BLACKROCK INTERNATIONAL LAND P
B159826 ,INVENSYS PLC
191539,TAYLOR NELSON SOFRES PLC
550884,MCCARTHY & STONE PLC
976402,WOLSELEY
2150107,GETTY IMAGES INC
2293819,EBAY INC COMMON STOCK USD 0.00
2340168,M&T BANK CORP COMMON STOCK USD
2523044,CARNIVAL CORP COMMON STOCK USD
2542931,IRON MOUNTAIN INC
2672689,PATTERSON COS INC COMMON STOCK
2705024,PROGRESSIVE CORP/THE COMMON ST
2708841,PULTEGROUP INC COMMON STOCK US
2781585,POOL CORP COMMON STOCK USD 0.0
2818278,VCA INC
2883878,TEVA PHARMACEUTICAL INDUSTRIES
2933900,VALE SA ADR BRL 0
2934839,WALGREENS BOOTS ALLIANCE INC C
2963899,WHOLE FOODS MARKET INC
2983604,WRIGLEY (WILLIAM) JUNIOR CO
5253973,HERMES INTERNATIONAL COMMON ST
6990763,ZHEJIANG EXPRESSWAY CO LTD COM
7101069,PORSCHE AUTOMOBIL HOLDING SE P
B08HBT8 ,ATLAS COPCO AB-A SHS
B1460X3 ,SANDVIK AB
087832S ,IFM AUSTRALIAN PRIVATE EQUITY
402162S ,IFM AUSTRALIAN PRIVATE EQUITY
410527U ,IFM INTERNATIONAL PRIVATE EQUI
521804U ,IFBT TRUST
522219U ,CHAMP VENTURES INVESTMENT TRUS
522220U ,CHAMP VENTURES INVESTMENT TRUS
523538U ,IFM AUSTRALIAN PRIVATE EQUITY
523591U ,IFAT-INDUSTRY ADMINISTRATION T
531150U ,INDUSTRY FUNDS ADMIN TRUST NO
535615U ,IFM INTERNATIONAL PRIVATE EQUI
536057U ,ARCHER CAPITAL PRIVATE EQUITY
536058U ,ARCHER CAPITAL PRIVATE EQUITY
536551U ,ADVENT IV PRIVATE EQUITY FUND
536552U ,ADVENT IV PRIVATE EQUITY FUND
536553U ,ARCHER CAPITAL PRIVATE EQUITY
536554U ,ARCHER CAPITAL PRIVATE EQUITY
536555U ,ARCHER CAPITAL PRIVATE EQUITY
536560U ,HASTINGS PRIVATE EQUITY FUND 1
536561U ,HASTINGS PRIVATE EQUITY FUND 1
536569U ,IRONBRIDGE CAPITAL 2003/4 FUND
536570U ,IRONBRIDGE CAPITAL 2003/4 FUND
540319U ,AUSTRALIAN MEZZANINE INVESTMEN
540873U ,FRONTIER
540874U ,FRONTIER PREFERENCE
540875U ,HAMBRO-GRANTHAM DEVELOPMENT TR
540876U ,HAMBRO-GRANTHAM DEVELOPMENT PR
540877U ,HASTINGS PRIVATE EQUITY FUND 2
540878U ,HASTINGS PRIVATE EQUITY FUND 2
541632U ,INDUSTRY FUND SERVICES PTY LTD
541638U ,NANYANG AUST II LIMITED FULLY
541639U ,NANYANG AUST II LIMITED PARTLY
541640U ,NEXT CAPITAL I LP
541641U ,NEXT CAPITAL TRUST IA
541644U ,PORTLAND ORTHOPAEDIC PTY LTD
541646U ,STA WOLSELEY PARTNERS FUND 1 (
541649U ,VENTURE CAPITAL PARTNERS NO.1
541851U ,IFM AUST PRIV EQUITY SUB TRUST
511856U ,UTILITIES TRUST OF AUSTRALIA
529901U ,IFM INTERNATIONAL INFRASTRUCTU
540879U ,IFM AUSTRALIAN INFRASTRUCTURE
541631U ,IFM AUSTRALIAN SOCIAL INFRASTR
519990U ,KEL FUND
536334U ,FRM DIVERSIFIED AUSTRALIA FUND
541633U ,LEGG MASON PROPERTY SECURITIES
400656U ,HOTEL LEISURE AND TOURISM TRUS
520173U ,ISPT 50 LONSDALE STREET PROPER
529641U ,ISPT INTERNATIONAL PROPERTY TR
536050U ,MORGAN STANLEY REAL ESTATE 5 F
536580U ,INDUSTRY SUPERANNUATION PROPER
537619U ,FIDUCIARY INTERNATIONAL REAL E
538069U ,CHARTER HALL OPPORTUNITY FUND
538945U ,FORTIUS ACTIVE PROPERTY TRUST
525965U ,ABERDEEN AUST FLOATING RATE IN
526504U ,SUPER MEMBER INVESTMENTS
410110B ,PRINCIPAL GLOBAL FUNDING
416281B ,INVESTA PROPERTY S-EMTN CALLAB
515195B ,NRMA
519601B ,WESTFIELD TRUST
520691B ,COMMONWEALTH PROPERTY OFFICE F
523887B ,MAXIS LOANS SECS FUND NO 7 CLA
526055B ,ASIF II
526166B ,TORRENS TRUST S:2004-2 CL:A-1
528797B ,INTERSTAR MILLENIUM TRUST S:20
536172B ,EUROFIMA S:MTN C:SR UNSECURED
538603B ,DEXIA MUNICIPAL AGENCY
541020B ,HERITAGE BUILDING SOCIETY LIMI
541560N ,SUNCORP-METWAY LTD.
541716D ,ESANDA FINANCE CORP LTD
541778N ,ADELAIDE BANK LTD.
541946D ,SPINNAKER CAPITAL PTY LTD
541950D ,PERRY ANTIPODES TRUST NO. 1
542122D ,NEWCASTLE PERMANENT BUILDING S
542278B ,BANK OF AMERICA CORP S:MTN RED
542318N ,ADELAIDE BANK LTD.
542865B ,COMMONWEALTH PROP FUND S:A
6103561,WESTERN AUSTRALIA TREASURY COR
6332848,NEW S WALES TREASURY CRP S:10
6407070,WESTERN AUST TREAS CORP S:13 C
6412858,SUNCORP METWAY LTD S - A CALLA
6560092,SOUTHERN CROSS AIRPORTS
6562184,HUTCHISON TELECOM AUST S:MTN
6599535,MACQUARIE BANK LTD S-1 CALLABL
6606059,WESTERN AUST TREAS CORP S:17 C
6704641,ARMS II S:XIV CL:A2B
6729495,GENERAL PROPERTY TRUST S:MTN C
6740355,COMMONWEALTH BANK AUS S:MTN C/
708329B ,DEXIA MUNICIPAL AGENCY
B00JW66 ,CAISSE FRANCAISE DE FIN C:COVE
B014JC5 ,AUST & NZ BKG GRP S:MTN C/ABLE
B01G3N0 ,DEUTSCHE BANK AG LONDON S:MTN
B039PL9 ,GOLDMAN SACHS GROUP INC
B03KXB8 ,GOLDMAN SACHS GROUP INC
B043B01 ,SNOWY HYDRO LIMITED S:MTN
B043C97 ,LANE COVE TUNNEL FIN CRP CALLA
B043CP3 ,NATIONAL RURAL UTILITIES COOPE
B0523H8Y,MACQUARIE AIRPORT CONVERTIBLE
B05N6X8 ,LANDWIRTSCH. RENTENBANK C:GOVT
B0666P8 ,MORGAN STANLEY S:MTN
B06N0Z7 ,RABOBANK NEDERLAND(AUST) S:MTN
B070950 ,ABN AMRO BANK NV - S:MTN
B09YYV1 ,CITIGROUP INC
B0C54N3 ,STOCKLAND PROPERTY MGMNT - S:M
B0CT424 ,WELLS FARGO & CO
B0DSJC5 ,COLES GROUP FINANCE S;MTN
B0HCHL8 ,KFW S:MTN C:GOVT GUARANTEED
B0HD0S9 ,AUST & NZ BANKING GROUP S:31 (
B0JNX88 ,CSR LTD S:MTN
B0KMKC7 ,CIE FINANCEMENT FONCIER S:MTN
B0LG5P6 ,1ALINTA NETWORKS HOLDINGS (CAL
B0M6G74 ,RABOBANK NEDERLAND S:MTN C:SR
B0PKS33 ,WESTPAC BANKING S:MTN (CALLABL
B0Q58H1 ,NEDER WATERSCHAPSBANK S:MTN C:
B0R5223 ,NATIONAL AUSTRALIA BANK S:MTN
B0TRLX1 ,COUNTRYWIDE FINANCIAL S:MTN
B0VV573 ,INTERSTAR MILLENNIUM TRUST S:2
B0ZL3Y2 ,DEUT PFANDBRIEFBANK AG S:MTN C
B10BJH9 ,CIT GROUP AUST LTD S:MTN
B10QZ10 ,ING BANK (AUSTRALIA) LTD
B121687 ,NEW S WALES TREASURY CRP S:17
B125WM5 ,WELLS FARGO & COMPANY S:MTN C:
B13H338 ,LANE COVE TUNNEL FIN CORP S:FI
B153312 ,ROYAL BK OF SCOTLAND NV
B16TB26 ,NATIONAL WEALTH MANAGEME CALL
541480U ,IFM ALTERNATIVE FIXED INCOME F
541647U ,THE SUPER LOANS TRUST
527454U ,BENTHAM SYNDICATED LOAN FUND
240419,UNITED KINGDOM GILT C:BONDS
489308,UNITED KINGDOM GILT C:BONDS
2145578,CANADIAN GOVERNMENT S:WL43 C:B
2285269,UNITED STATES OF AMERICA BOND
4246554,KINGDOM OF DENMARK C:BONDS
4640424,GERMANY
5357336,SWEDISH GOVERNMENT S:1041 C:BO
5423594,BELGIUM KINGDOM S:31 C:SR UNSE
5428566,NETHERLANDS GOVERNMENT C:BONDS
5430011,FRANCE (GOVT OF) C:BONDS
543070U ,BRIDGEWATER SHORT TERM INVESTM
543071U ,BRIDGEWATER PURE ALPHA FUND II
5933305,BUONI POLIENNALI DEL TES C:BON
5945797,ITALY (BTPS)
5964480,DENMARK (KINGDOM OF)
6139265,JAPAN (20 YEAR ISSUE) S:41 C:S
6163554,JAPAN -207 (10 YEAR ISSUE) S-2
6313467,JAPAN (GOVT OF)
6391913,JGB #234
6587671,JAPAN (GOVT OF)
7218453,FRANCE (GOVT OF)
722048N ,NATIONAL AUSTRALIA BANK LTD./P
722416P ,WESTPAC BANKING CORP.
722418P ,TOYOTA FINANCE AUSTRALIA LTD.
7344477,HELLENIC
809657D ,AUSTRALIA AND NEW ZEALAND BANK
809658D ,NATIONAL AUSTRALIA BANK LTD./R
809659D ,AUSTRALIA AND NEW ZEALAND BANK
812332D ,AUSTRALIA AND NEW ZEALAND BANK
812333D ,NATIONAL AUSTRALIA BANK LTD/VA
B02WHX5 ,JAPAN (20 YEAR ISSUE) S:72 C:B
B06BRT4 ,JAPAN (20 YEAR ISSUE) S:74 C:B
BJ0906  ,10YR MINI JGB (SGX) FUTURE
CN0906  ,CAN 10YR BOND FUTURE (MSE)
DU0906  ,EURO-SCHATZ FUTURE (EUX)
FV0906  ,US 5 YEAR NOTE (CBT)
G0906   ,LONG GILT FUTURE (LIF)
OE0906  ,EURO BOBL FUTURE (EUX)
RX0906  ,EURO-BUND FUTURE (EUX)
TU0906  ,US 2YR NOTE (CBT)
TY0906  ,US 10YR NOTE (CBT) FUTURE
US0906  ,US LONG BOND (CBT) FUTURE
0020N3H1,ASB BANK LTD 4-2 DISC NT
892188,UK TREASURY
2032528,VERIZON NEW YORK INC CALL S:B
2036694,HCA INC
2150367,SB TREASURY COMPANY LLC S:144A
2150839,IBJ PREFERRED CAPITAL
2197665,TOBACCO SETTLEMENT FING CORP N
2206862,WASHINGTON MUTUAL S:2002-AR11
2258238,REPUBLIC OF CHILE C:SR UNSECUR
2309006,KROGER CO
23325FGL,DNB NOR BANK ASA CORPORATE
2376174,UNITED STATES TREASURY NOTE
2395500,GOLDEN ST TOB SECURITIZATION C
2396945,TOKAI PFD CAPITAL CO LLC S:REG
2508795,US GOVT NATIONAL STRIPS
2522999,LOWER COLO RIV AUTH TEX (MUNIC
2532642,COMMERCIAL MORTGAGE ASSET TRUS
2545907,UNITED STATES OF AMERICA BOND
2584386,TOBACCO SETTLEMENT FING CORP N
2671448,COMCAST CORP
2674544,MANDALAY RESORT GROUP S:B
2757520,QWEST
2828385,PSEG POWER
2876113,VERIZON NEW YORK INC S:A
2914819,US STRIP
2916934,UNITED STATES OF AMERICA BOND
2917595,US TREASURY BOND
2920645,HOUSEHOLD FINANCE CORP
2925220,US TREASURY N/B
2931175,UNITED STATES OF AMERICA BOND
2969314,TENN VALLEY AUTHORITY (PUTABLE
2979012,GOLDMAN SACHS GROUP INC
3115194Y,SWEDBANK
3173415,UK TREASURY
317501ZF,OTC 3ML SWP30@6.25 LSI
317501ZG,OTC 3ML 5.75 SWP 30@5.75 LSI
317503AT,OTC ECAL 3ML-5.04 SWP5@5.04 RY
317503AU,OTC ECAL 3ML-5.0 SWP2@5.0 BTI
317503BN,OTC ECAL 3ML-5.0 SWP2@5.0 WNA
317503BU,OTC ECAL 3ML-5.04 SWP5@5.04 WN
317503DX,OTC ECAL 3ML-5.22 SWP5@5.22 RY
317503DY,OTC ECAL 3ML-5.08 SWP2@5.08 RY
317503ET,OTC ECAL 3ML-5.15 SWP2@5.15 RY
317503EU,OTC ECAL 3ML-5.28 SWP5@5.28 RY
317503FW,OTC ECAL 3ML-5.0 SWP2@5.0 RYL
317503FX,OTC ECAL 3ML-5.04 SWP5@5.04 BT
317503K2,OTC ECAL 3ML-4.5 SWP2 @ 4.5 JP
317503K3,OTC ECAL 3ML-4.56 SWP5@4.56 JP
317503KT,OTC ECAL 3ML - 5.315 SWP5 @ 5.
317503KU,OTC ECAL 3ML - 5.2 SWP2 @ 5.2
317503LD,OTC ECAL 3ML-5.25 SWP10@5.25 L
317503LE,OTC ECAL 6MGBP-5.0 SW2@5.0 HUS
317503LM,OTC ECAL 6MGBP-5.0 SW2@5.0 DUB
317503LN,OTC ECAL 3ML-5.25 SWP10@5.25 M
317503LT,OTC ECAL USD JPY@120 JPM
317503MD,OTC ECAL 3ML-5.34 SWP5@5.34 MY
317503ME,OTC ECAL 3ML-5.25 SWP2@5.25 MY
317503QF,OTC ECAL 3ML-4.75 SWP2@4.75 ML
317503QG,OTC ECAL 3MLIB-4.78 SWP5@4.78M
317503R6,OTC ECAL 3ML-5.17 SWP2@5.17 WN
317503R8,OTC ECAL 3ML-5.24 SWP5@5.24 WN
317503RJ,OTC ECAL 3ML-5.13 SWP2@5.13 WN
317503RM,OTC ECAL 3ML-5.21 SWP5@5.21 WM
317503TK,OTC ECAL BRITEL/0.20 SWP2@0.45
317503UD,OTC ECAL 3ML-4.85 SWP5@4.85 CB
317503UF,OTC ECAL 3ML/4.80 SWP2@4.80 CB
3328033,UK TSY 4 3/4% 2015 C:BONDS
40410TGK,HBOS TREASURY SERV DISC NT
4081788,DEUTSCHE TELEKOM INT FIN C:COM
4390741,BUNDESREPUB. DEUTSCHLAND S:94
4497W1G7,ING US FUNDING LLC DISC NT
5286601,BUNDESREPUB. DEUTSCHLAND S:97
532313B ,FNCL PL# 725946
533315B ,FNCL PL# 725425
534189B ,BANC OF AMERICA MORTGAGE SEC S
534295B ,GMAC MORTGAGE CORP LOAN TRUST
5401589,BUNDESREPUB. DEUTSCHLAND S:98
540293B ,NEW YORK N Y CITY MUN FIN AUTH
540498B ,SMALL BUSINESS ADMINISTRATION
540502BM,GSR 2003-2F 3A1 CALL MD:CMO MC
540514B ,HAWAII ST
540518B ,FNCL PL# 814336
540800B ,FNCI PL# 615245
540801B ,FNCL PL# 772652
540803B ,FNCI PL# 555350
540804B ,FNCL PL# 668399
542011D ,HBOS TREASURY SERVICES
542123D ,FREDDIE MAC DISCOUNT NT
5421714,SB TREASURY COMPANY LLC S:REGS
542487D ,FED HOME LN DISCOUNT NT
542666D ,ING (US) FUNDING LLC
542681D ,SOCIETE GENERALE N AMER
542742D ,CBA (DELAWARE) FINANCE
542746D ,ABN-AMRO N AMER FIN INC
5880508,BUNDESREPUB. DEUTSCHLAND S:00
5967887,BUNDESREPUB DEUTSCHELAND
628538B ,ALLIED WASTE INDUSTRIES
6548269,JAPAN-241 (10 YEAR ISSUE) S:24
689277B ,SOCIETE GENERALE CALLABLE: 26J
7020896,AUSTRIA (REPUBLIC OF)
7023066,DAIMLER CHRYSLER
7077438,DUTCH GOVT
711219B ,WILLIAMS COS S:144A
7137989,FRANCE (GOVT OF) C:BONDS
7337961,WARNER MEDIA LLC C:COMPANY GUA
7377417,RBS CAPITAL
7414745,PANAMA
7518904,JAPAN FIN CORP MUNI ENT S:INTL
7524848,FRANCE TELECOM S:EMTN
7535033,FRANCE TELECOM S:EMTN C:SR UNS
7535185,HSBC FINANCE CORP
7540509,BUNDESREPUB. DEUTSCHLAND S:03
7548644,KREDITANSTALT FUR WIEDERAUFBAU
7579912,BONOS Y OBLIG DEL ESTADO C:SR
7711275,BUNDESREPUB. DEUTSCHLAND S:200
7787414,SLM CORP S-EMTN
811333D ,FREDDIE MAC DISCOUNT NT S:RB
811335P ,UNICREDIT DELAWARE INC
812024P ,SPINTAB AB
88732HJK,TIME WARNER INC
B00CNK6 ,FRANCE (GOVT OF) C:BONDS
B00KQ67 ,FRANCE (GOVT OF) C:BONDS
B00L7T0 ,PSEG POWER
B00V8T7 ,JAPAN (30 YEAR ISSUE) S:14 C:B
B01DP02 ,BUNDESREPUB. DEUTSCHLAND S:200
B01DWZ6 ,TBA FNMA SINGLE FAMILY 5 TBA M
B01NQM1 ,FLORIDA ST DEPT ENVIRONMENTAL
B01NT00 ,TBA FNMA SINGLE 5.5% TBA MC:FN
B01NTV1 ,BALTIMORE CNTY MD
B01NYY9 ,BONOS Y OBLIG DEL ESTADO C:SR
B01VPK6 ,TREASURY INFLATION INDEXED
B01WWB9 ,KOREA DEVELOPMENT BANK
B01ZHP7 ,SUMITOMO MITSUI BANKING S:EMTN
B02KX42 ,RBS CAPITAL TRUST III (PERP/CA
B02PD03 ,FRANCE (GOVT OF) C:BONDS
B02QXX9 ,JAPAN (10 YEAR ISSUE) S:263 C:
B02SK67 ,UNITED STATES TREASURY NOTE
B03BJX5 ,RABOBANK CAP FD TRST III PERP
B03N4J2 ,SBC COMMUNICATIONS
B03XXZ1 ,JAPAN - 41 (5 YEAR ISSUE) S:41
B04FGQ8 ,FNARM PL# 800171
B0744S0 ,UBS PREFERRED FUNDING (PERP/CA
B07XXW4 ,LLOYDS TSB BANK PLC (CALLABLE)
B08D806 ,UNITED STATES TREASURY NOTE
B09KVK7 ,ILLINOIS EDL FACS AUTH REVS
B09P7G0 ,FNCL PL# 735388
B0BSK80 ,FNCL PL# 725042
B0BSKM4 ,FNCL PL# 673566
B0BV7H7 ,BNP PARIBAS PERP CALL S:144A C
B0DMX14 ,JAPAN (30 YEAR ISSUE) S:19 C:B
B0KR1Y1 ,RESONA BANK LTD PERP CALL S:14
B0LG4V5 ,HBOS PLC S:144A (PERP/CALL) 01
B0MFPR4 ,EL PASO CORPORATION
B0MT639 ,JAPAN (30 YEAR ISSUE) S:20 C:B
B0NZ5C8 ,US TREASURY N/B
B0PFWW5 ,JAPAN-51 (5 YEAR ISSUE) S:51
B0TBHC4 ,UOB CAYMAN LTD PERP CALL S:144
B0TLFT7 ,BK TOKYO-MITSUBISHI UFJ S:EMTN
B0WGTC0 ,HSBC FINANCE CORP C:SR UNSECUR
B0WH1J4 ,UNICREDIT SPA S:EMTN C:JR SUBO
B0Y4Z68 ,US TREASURY N/B
B0Z2NQ7 ,PEMEX PROJ FDG MASTER TR
B0Z7Z44 ,SHINSEI BANK LTD S:144A CALLAB
B10KXQ3 ,US GOVT NATIONAL TREASURY BILL
B10SXQ7 ,MUFG CAPITAL FINANCE 2 (PERP/C
B114JZ5 ,MUFG CAPITAL FIN 1 LTD PERP CA
B11LJ23 ,US GOVT NATIONAL TREASURY BILL
B1431S6 ,SHAW COMMUNICATIONS INC (CALLA
B156VJ5 ,EMBARQ CORP C:SR UNSECURED
B15C3Q4 ,JAPAN - 56 (5 YEAR ISSUE) S:56
B15CTC2 ,WELLS FARGO MORTGAGE BACKED SE
ED0607  ,90DAY EURO FUT JUN07 (CME)
ED0906  ,90 DAY EURO FUTURE (CME)
ED0907  ,90DAY EURO FUT SEP07 (CME)
JB0906  ,JAPAN 10 YEAR BOND (TSE) FUTUR
TYU6C106,US 10 YR FUTURE SEP06 (CBT) CA
TYU6P103,US 10 YR FUTURE SEP06 (CBT) PU
USU6C108,US LONG BOND SEP06 (CBT) CALL
USU6P103,US LONG BOND SEP06 (CBT) PUT O
540872U ,CML RETIREMENT TRUST NO.2
512206U ,MACQUARIE TREASURY FUND
512215U ,SSGA AUSTRALIAN EQUITIES INDEX
517563U ,SSGA INTL EQTY IDX TST
518377U ,MACQUARIE TRUE INDEX AUST FI
518379U ,SSGA AUSTRALIAN CASH TRUST
518384U ,DEUTSCHE CASH PLUS FUND
518848U ,SCHRODER AUSTRALIAN EQUITY FUN
521627U ,CREDIT SUISSE FULLY HEDGED INT
521808U ,MACQUARIE PROPERTY SECURITIES
528044U ,ABN AMRO AUSTRALIAN EQUITY FUN
534508U ,GMO AUSTRALIAN EQUITY POOLED S
535612U ,LAZARD AUSTRALIAN EQUITY FUND
536059U ,BLACKROCK MULTI OPPORTUNITY FU
541648U ,THE SUPER LOANS TRUST
541865U ,ALPHA AUSTRALIAN EQUITY TRUST
541866U ,BT AUSTRALIA GLOBAL RETURN FUN
541867U ,JARDINE FLEMING PST
541868U ,MACQUARIE TRUE INDEX PLUS AUST
541869U ,MAPLE-BROWN ABBOTT POOLED SUPE
542731U ,MERRILL LYNCH
542732U ,MFS GLOBAL EQUITY TRUST
542733U ,MLC AUSTRALIAN AND INTERNATION
542734U ,MLC AUSTRALIAN SHARE FUND
542735U ,MLC BALANCED FUND
542736U ,MLC CAPITAL STABLE FUND
542737U ,SCHRODERS
542738U ,SCHRODERS SUPERANNUATION FUND
542940U ,SSGA AUSTRALIAN LISTED PROPERT
542941U ,SSGA INDEXED CONSERVATIVE TRUS
542942U ,TYNDALL AUSTRALIAN SHARE WHOLE
542943U ,UBS DEFENSIVE INVESTMENT FUND
542944U ,WELLINGTON PST
543022U ,BARCLAYS HEDGED INTERNATIONAL
543023U ,BGI FISSION INTERNATIONAL EQUI
543024U ,CREDIT SUISSE INTERNATIONAL SH
543026U ,MACQUARIE TRUE INDEX GLOBAL BO
543027U ,MACQUARIE GLOBAL BONDS SOLUTIO
543075U ,SUPER MEMBERS HOME LOANS SMHL
540870U ,BARLCAYS AUST LISTED PROPERTY
405239U ,BLACKROCK GLOBAL BOND INDEX FU
540871U ,BT INSTITUTIONAL AUST SUSTAINA
529466U ,CANDRIAM SUSTAINABLE GLOBAL EQ
517613U ,SSGA GLOBAL INDEX PLUS TRUST
541645U ,SSGA GLOBAL INDEX PLUS (HEDGED
535140U ,LLOYD GEORGE EMERGING MARKETS
541855U ,MERRILL LYNCH GLOBAL EQUITY EN
541635U ,MERRILL LYNCH HEDGED GLOBAL EQ
541634U ,IFM STRATEGIC CASH FUND
405786U ,AXA GUARANTEED SAVINGS ACCOUNT
415730U ,BGI HEDGED WORLD EX AUSTRALIA
6013972,CAPRAL LTD COMMON STOCK AUD 0
6102267,BLACKMORES LTD COMMON STOCK AU
6108373,TEN NETWORK HOLDINGS LTD
6165022,RECKON LTD COMMON STOCK AUD 0
6287313,GROPEP LIMITED
6335308,AUSTEREO GROUP LIMITED
6358963,RURALCO HOLDINGS LTD COMMON ST
6382285,AUSTRALIAN AGRICULTURAL CO LTD
6398226,SINGAPORE TELECOMMUNICATIONS L
6496874,KORVEST LTD COMMON STOCK AUD 0
6699781,PREMIER INVESTMENTS LTD COMMON
6706476,PREMIUM INVESTORS LTD
6728221,REEF CASINO TRUST UNIT AUD 0
6730709,K&S CORP LTD COMMON STOCK AUD
6759470,RURAL PRESS LIMITED
6759500,RURAL PRESS
6791977,SEDIMENTARY HOLDINGS NL
6944500,WATTYL
B018MR3 ,WARRNAMBOOL CHEESE & BUTTER FA
B01VGX6 ,LIPA PHARMACEUTICALS LTD
B02WDP9 ,ST GEORGE BANK LIMITED
061734B ,QUEBEC PROVINCE
2094937,UNITED STATES OF AMERICA BOND
2303406,BRITISH COLUMBIA
2304465,CANADIAN GOVERNMENT
2479471,FANNIE MAE C:NOTES
2511641,FNMA
2546364,IADB
2658946,ONTARIO ELECTRICITY FIN
2851369,NOVA SCOTIA PROVINCE
3245239,UNITED KINGDOM GILT C:BONDS
4409904,ALLG. HYPOBK RHEINBODEN S-331
538417D ,GE CAPITAL
539140D ,GE CAPITAL
5397547,KFW S:213 C:GOVT GUARANTEED
542058N ,AUSTRALIA AND NEW ZEALAND BANK
5577639,EIB
5943940,RHEINISCHE
6013262,QUEENSLAND TREASURY CORP S:7
6108328,QUEENSLAND TREASURY CORP S:09
6247340,JAPAN (20 YEAR ISSUE) S:46 C:B
6261083,AUSTRALIAN GOVERNMENT S:118 C:
6334242,WESTERN AUSTRALIA TREASUY CORP
6406981,QUEENSLAND TREASURY CORP S:21
6516891,QUEENSLAND TREASURY CORP S:13
6531526,AUSTRALIAN GOVERNMENT S:119 C:
6690591,NEW S WALES TREASURY CRP S:14
6726474,JAPAN (20 YEAR ISSUE) S:65 C:B
7026106,UNITED MEXICAN STATES
7055199,REPUBLIC OF ITALY S:INTL
721067N ,WESTERN AUSTRALIA TREASURY COR
721583P ,WESTPAC BANKING CORP.
722047P ,GE CAPITAL
7221860,FHLMC
722621D ,AUSTRALIA AND NEW ZEALAND BANK
723095P ,AUSTRALIA AND NEW ZEALAND BANK
7410538,KREDIT FEUR WIEDERAUFBAU
7414682,ONTARIO (PROVINCE OF)
7538054,REPUBLIC OF AUSTRIA C:SR UNSEC
7540662,DEUT PFANDBRIEFBANK AG S:573 C
7569203,DEKABANK S:466 C:JUMBO PFANDBR
7713259,FREDDIE MAC
812334D ,NATIONAL AUSTRALIA BANK LTD./I
812335P ,TOYOTA FINANCE AUSTRALIA LTD.
B064HC6 ,INTL BK RECON & DEVELOP
B0LS165 ,FEDERAL HOME LOAN BANK S:501
BICF    ,BRIDGEWATER INTERNATIONAL CRED
BWJF4000,BRIDGEWATER CORP BOND FUND
521883B ,AIG SUN AMERICA FUNDING II
538138N ,AUSTRALIA AND NEW ZEALAND BANK
538139N ,NATIONAL AUSTRALIA BANK LTD.
540129N ,NATIONAL AUSTRALIA BANK LTD.
540764D ,GE CAPITAL
540932N ,WESTPAC BANKING CORP.
541066D ,ESANDA FINANCE CORP. LTD.
541067D ,COLONIAL FINANCE LTD.
541079D ,CBFC LTD.
541208N ,WESTPAC BANKING CORP.
541569N ,WESTPAC BANKING CORP.
541570N ,NATIONAL AUSTRALIA BANK LTD.
541612D ,ESANDA FINANCE CORP. LTD.
542566N ,NATIONAL AUSTRALIA BANK LTD
542577N ,WESTPAC BANKING CORP
542963D ,NATIONAL AUSTRALIA BANK LTD/CU
IRM7C947,90 DAY BANK BILL FUTURE (SFE)
IRM7P940,90 DAY BANK BILL FUTURE (SFE)
IRU6C942,90 DAY BANK BILL FUTURE (SFE)
IRU6C945,90 DAY BANK BILL FUTURE (SFE)
IRU6C947,90-DAY BANK BILL FUTURE (SFE)
IRU6P940,90 DAY BANK BILL FUTURE (SFE)
IRU6P942,90-DAY BANK BILL FUTURE (SFE)
IRU6P945,90 DAY BANK BILL FUTURE (SFE)
IRU7C950,90-DAY BANK BILL FUTURE (SFE)
IRZ6C940,90-DAY BANK BILL FUTURE (SFE)
IRZ6P937,90-DAY BANK BILL FUTURE (SFE)
YMN6C942,AUSTRALIAN 3YR BOND FUTURE (SF
YMN6P942,AUSTRALIAN 3YR BOND FUTURE (SF
YMQ6P940,AUSTRALIAN 3YR BOND FUTURE (SF
03215PFM,AMRES 1999-1 A CALL MD:HOME EQ
123784B ,SHL 1999-1 A2
12669E2M,CWALT 2003-J1 4A1 CALL MD:CMO
130684F ,CALIFORNIA ST PUB WKS BRD
2080721,CANADIAN GOVERNMENT C:BONDS
2094863,CANADA (GOVT OF)
2225243,COMCAST CORP
2228833,TOKAI PFD CAPITAL CO LLC S:144
2239396,CANADIAN GOVERNMENT S:A-76 C:B
2285883,CANADA (GOVT OF)
2557894,ROYAL BK OF SCOT GRP PLC PERP
2594363,TOBACCO SETTLEMENT FING CORP N
270575B ,FHLB
2710794,US TREASURY INDEXED LINKED
2770691,CMS ENERGY CORP
2802583,SBIC 2001-P10B CL 1
2814889,CANADA
2967835,UNITED STATES TREASURY NOTE IN
3046874,UK TREASURY GILT
3133M36H,FHLB
31384AHJ,FNMA PASS THRU MTG
31384UNV,FNMA PASS THRU MTG
31385HN3,FNMA POOL #545010
31387UEM,FN 594245 MC:FNARM
317502OG,OTC EPUT ACGB 6.25% APR15 @ 6.
317502TA,OTC ECAL ACGB 6.25% 15APR @ 5.
317503HV,OTC ECAL 3MLIB-4.54 SWP5@4.54
317503HW,OTC ECAL 3MLIB-4.5 SWP24.5 CBK
317503LQ,OTC ECAL 3ML-5.15 SWP2@5.15 DU
317503LR,OTC ECAL 3ML-5.28 SWP@5.28 DUB
36202DPV,GNMA
36202DSF,GNMA PL#003218
36211XSY,GNMA POOL 526235X
36212VB2,GNMA PASS THRU SGL FAML #54465
36225BC4,GNMA #780991X
36225MB1,GN II ARM #080393X
36225MB2,GN II ARM #080407X
414707B ,GANDEL PROPERTY TRUST
5132511,BELGIUM (KINGDOM OF)
5212286,HYPOTHEKENBANK IN ESSEN
521739B ,CFS RETAIL PROPERTY TRUST S:9
525212B ,BRISBANE SQUARE FINANCE PTY LT
527379B ,HSBC BANK AUSTRALIA - TRANSFER
5293634,REPUBLIC OF AUSTRIA C:BONDS
5306587,FED NATL MORTGAGE ASSOC
536188B ,FH PL# 1G0867
536193BM,FNR 2003-34 A1 CALL MD:CMO MC:
536194BM,FNGT 2004-T3 1A1 CALL MD:CMO M
538105B ,CITIGROUP MORTGAGE LOAN TRUST
538972D ,TELSTRA CORP LTD.
541106D ,QUAY 62 PTY LTD
541115D ,ESANDA FINANCE CORP. LTD.
5420142,BONOS Y OBLIG DEL ESTADO C:BON
542036D ,SOCIETE GENERALE N AMER
542374D ,GE CAPITAL
542505D ,NORDEA NORTH AMERICA INC
543098D ,DANSKE CORPORATION
5515071,EUROPEAN INVESTMENT BANK 5.375
5809343,BUNDESREPUBLIC DEUTSCHELAND
5900343,FRANCE (GOVT OF) OAT
6212155,AUSTRALIA POSTAL CORP S:MTN
639253EA,NAVARRO
6412944,WESTERN AUST TREAS CORP
649474B ,TOBACCO SETTLEMENT FING CORP N
65535VAA,NOMURA ASSET ACCEPTANCE
6562106,WOOLWORTHS LIMITED - S:MTN
656489B ,NEW YORK CITY TRANSITIONAL FIN
700187B ,FANNIE MAE WHOLE LOAN S:2004-W
705507D ,QUEBEC PROVINCE S:MTN
711179B ,RESONA BANK LTD S:144A (PERP/C
7617997,HSBC FINANCE CORP
811921P ,SCHOONER CAPITAL PTY LTD.
814420D ,MACQUARIE OFFICE TRUST
814931P ,CRUSADE CP
83162CLM,SBAP 2000-20K 1 CALL MD:BUSINE
83365SH8,SOCIETE GENERALE N.A. DISC NT
888808AR,TOBACCO SETTLEMENT FING CORP N
888808BH,TOBACCO SETTLEMENT FING CORP N
88880PAC,TOBACCO SETTLEMENT (MUNIPAL BO
88880TBA,TOBACCO SETTLEMENT FING CORP N
90262DHM,UBS FINANCE (DE) LLC
B02Q1D5 ,BUNDESOBLIGATION S - 145
B02ZHP6 ,BADGER TOB ASSET SECURITISATIO
B02ZZG3 ,IPG FINANCE PTY LTD S:MTN
B03KWP5 ,SOUTH AUST GOVT FIN AUTH S:11
B05QH12 ,GENERAL ELEC CAP CORP
B06K8M1 ,ENTERPRISE PRODUCTS OPER SERIE
B08CHK6 ,NATIONAL CAPITAL TRST II PERP
B08PCD3 ,EUROPEAN INVESTMENT BANK S:EAR
B08T644 ,US TREASURY N/B
B0B5GV6 ,NORTHERN TERRITORY TREASURY
B10SKH7 ,CBA CAPITAL TRUST II PERP CALL
B114QS7 ,WOOLWORTHS LIMITED S:MTN
ED0307  ,90DAY EURO FUT MAR07 (CME)
ED1207  ,90DAY EURO FUT DEC07 (CME)
45614,ANTOFAGASTA PLC COMMON STOCK G
129057,BRITISH AIRWAYS
287580,BRITISH AMERICAN TOBACCO PLC C
483548,ABI SAB GROUP HOLDING LTD COMM
632016,INTERNATIONAL POWER PLC
951625,SPORTINGBET PLC
2001799,ALPHARMA INC
2012605,ALASKA AIR GROUP INC COMMON ST
2012672,ENERGEN CORP
2023607,AMGEN INC COMMON STOCK USD 0.0
2023748,HESS CORP COMMON STOCK USD 1
2034494,QWEST COMMUNICATIONS INTERNATI
2037062,HELIX ENERGY SOLUTIONS GROUP I
2041364,VALERO ENERGY CORP COMMON STOC
2043694,APOLLO EDUCATION GROUP INC
2043962,APACHE CORP COMMON STOCK EUR 0
2086138,BEAR STEARNS COMPANIES INC
2090601,BELLSOUTH CORP
2093644,W R BERKLEY CORP COMMON STOCK
2099073,BIOSITE DIAGNOSTICS
2100920,FIRSTENERGY CORP COMMON STOCK
2124533,TECK RESOURCES LTD COMMON STOC
2160753,CSX CORP COMMON STOCK USD 1
2173911,RADIAN GROUP INC COMMON STOCK
2185198,CERADYNE INC
2191399,EAGLE MATERIALS INC COMMON STO
2195722,CHUBB CORP/THE
2204866,CNA FINANCIAL CORP COMMON STOC
2205041,COLONIAL BANCGROUP
2210863,COMPANIA ANONIMA NACONAL TELEF
2226064,THE DIRECTV GROUP INC
2236911,XTO ENERGY INC
2240202,CUMMINS INC COMMON STOCK USD 2
2259468,KING PHARMACEUTICALS INC
2262314,MORGAN STANLEY COMMON STOCK US
2269768,DILLARD'S INC COMMON STOCK USD
2273446,ENCORE WIRE CORP COMMON STOCK
2278407,DOVER CORP COMMON STOCK USD 1
2289874,DARDEN RESTAURANTS INC COMMON
2331430,ASSURANT INC COMMON STOCK USD
2343468,FLORIDA ROCK INDS
2350684,FRANKLIN RESOURCES INC COMMON
2352118,FREEPORT-MCMORAN INC COMMON ST
2356392,CORELOGIC INC
2365161,GENERAL DYNAMICS CORP COMMON S
2369174,GILEAD SCIENCES INC COMMON STO
2381134,TELUS CORPORATION-NON VOTE
2429090,REYNOLDS AMERICAN INC COMMON S
2445416,JB HUNT TRANSPORT SERVICES INC
2455965,BIOGEN INC COMMON STOCK USD 0.
2458113,IMCLONE SYS INC
2476193,HARTFORD FINANCIAL SERVICES GR
2511908,LEXMARK INTERNATIONAL INC COMM
2516378,LINCOLN NATIONAL CORP COMMON S
2519861,LIZ CLAIBORNE
2573209,METLIFE INC COMMON STOCK USD 0
2600260,VISTEON CORP
2640147,NIKE INC COMMON STOCK USD 0
2646015,COACH INC
2651086,NUCOR CORP COMMON STOCK USD 0.
2665861,PACCAR INC COMMON STOCK USD 1
2671501,PARKER-HANNIFIN CORP COMMON ST
2671932,PARTNERRE LTD
2672537,PATTERSON-UTI ENERGY INC COMMO
2685007,PHELPS DODGE CORP
2702337,T ROWE PRICE GROUP INC COMMON
2729068,RELIANCE STEEL & ALUMINUM CO C
2752503,ROTHMANS INC
2754383,ROYAL BANK OF CANADA COMMON ST
2766805,SAFECO CORP
2769503,TRAVELERS COS INC/THE COMMON S
2795393,AMERISOURCEBERGEN CORP COMMON
2801126,UNITED ONLINE INC
2804211,SHERWIN-WILLIAMS CO/THE COMMON
2807276,SIERRA HEALTH SERVICES INC
2831811,AT&T INC COMMON STOCK USD 1
2842965,LOEWS CORPORATION - CAROLINA G
2849472,STEEL DYNAMICS INC COMMON STOC
2855468,CHIQUITA BRANDS INTERNATIONAL
2859868,SUNOCO INC
2860990,SUNTRUST BANKS INC COMMON STOC
2867634,SWIFT TRANSPORTATION
2869629,MARVEL ENTERTAINMENT INC
2885409,TEXAS INSTRUMENTS INC COMMON S
2889876,THOR INDUSTRIES INC COMMON STO
2892807,TIMKEN CO/THE COMMON STOCK USD
2910970,MARATHON OIL CORP COMMON STOCK
2914734,UNION PACIFIC CORP COMMON STOC
2965389,KOMAG INCORPORATED
2989527,ZENITH NATIONAL INSURANCE CORP
3426454,PAYSAFE GROUP LTD
4155508,JM AB
4570004,MARZOTTO & FIGLI
4741844,MERCK KGAA COMMON STOCK EUR 0
4916039,AIR FRANCE-KLM COMMON STOCK EU
4926447,VALLOUREC(USIN A T)
5064722,PUMA SE COMMON STOCK EUR 0
5107401,BEIERSDORF AG COMMON STOCK EUR
5287488,DEUTSCHE LUFTHANSA AG COMMON S
5380031,NORDEA BANK ABP COMMON STOCK S
5465358,SALZGITTER AG COMMON STOCK EUR
5563520,MAN SE COMMON STOCK EUR 0
5636927,THYSSENKRUPP AG COMMON STOCK E
5733130,I.F.I.L. (ISTIT FIN ITAL LANIE
5750355,DEUTSCHE BANK AG COMMON STOCK
5966516,SOCIETE GENERALE SA COMMON STO
6002453,ASM PACIFIC TECHNOLOGY LTD COM
6015644,ANGANG STEEL CO LTD COMMON STO
6086242,DIGI.COM BHD COMMON STOCK MYR
6152529,CONTACT ENERGY LTD COMMON STOC
6183552,CENTRAL JAPAN RAILWAY CO COMMO
6268976,MITSUBISHI HC CAPITAL INC COMM
6278566,DONGFANG ELECTRIC CORP LTD COM
6287841,CHUNGHWA TELECOM CO LTD COMMON
6341606,FLETCHER BUILDING LTD COMMON S
6431897,SUMITOMO MITSUI TRUST HOLDINGS
6505316,KT CORP COMMON STOCK KRW 5000
6530523,MAXIS COMMUNICATIONS BERHAD
6539393,CHI MEI OPTOELECTRICS CORP
6693233,POSCO COMMON STOCK KRW 5000
6889106,TAIWAN SEMICONDUCTOR MANUFACTU
6900308,MAZDA MOTOR CORP COMMON STOCK
6904612,TENAGA NASIONAL BHD COMMON STO
6916781,UNITED OVERSEAS BANK LTD COMMO
6928560,VTECH HOLDINGS LTD COMMON STOC
7262610,CREDIT AGRICOLE SA COMMON STOC
7378261,BANCO POPOLARE DI
7437805,SWISS LIFE HOLDING AG COMMON S
B00G568 ,SOLOMON SYSTECH INTERNATIONAL
B00KFS2 ,JACKSON HEWITT TAX SERVICE
B01FLQ6 ,ACS ACTIVIDADES DE CONSTRUCCIO
B0386J1 ,JYSKE BANK A/S COMMON STOCK DK
B03MN70 ,AKBANK TAS COMMON STOCK TRY 1
B03MPL8 ,AYGAZ AS COMMON STOCK TRY 1
B03MRG7 ,DOGAN SIRKETLER GRUBU HOLDING
B03MWY0 ,PETKIM PETROKIMYA HOLDING AS C
B03PGR0 ,CHINA NETCOM GRP CORP HK LTD
B06T0P5 ,FREIGHTCAR AMERICA INC COMMON
B0BKSS2 ,VIENNA INSURANCE GROUP AG WIEN
B0PBS81 ,INTERCONTINENTALEXCHANGE INC
B0QPV94 ,LINDEX AB
B0TM8H9 ,SPANSION INC.
B142FZ8 ,JM AB COMMON STOCK SEK 1
B15C557 ,TOTALENERGIES SE COMMON STOCK
523756U ,PERPETUALS ETHICAL SRI FUND
5140989,GAZPROM PJSC-SPON ADR
6171900,HOUSING DEVELOPMENT FINANCE CO
604316,WM MORRISON SUPERMARKETS LTD C
903994,REACH PLC COMMON STOCK GBP 10
2118707,FRESH DEL MONTE PRODUCE INC CO
2173665,FAIRFAX FINANCIAL HOLDINGS LTD
2222608,COOPER TIRE & RUBBER CO COMMON
2253006,DANA CORP
2262659,CELESTICA INC COMMON STOCK CAD
2276315,DOMTAR INC
2292559,EMBRATEL PARTICIPACOES - PREF
2296926,FIRST BANCORP/PUERTO RICO COMM
2297930,TELE NORTE LESTE PARTICIPACOES
2297941,BRASIL TELECOM PARTICIPACOES S
2297974,VIVO PARTICIPACOES SA
2300601,EASTMAN KODAK CO
2378200,GOODYEAR TIRE & RUBBER CO/THE
2380175,GATEWAY 2000 INC
2382416,AMERICAN AXLE & MANUFACTURING
2385998,DELPHI CORPORATION
2448181,IPC HOLDINGS LTD
2485111,CHEMTURA CORPORATION
2487612,KEMET CORP COMMON STOCK EUR 0.
2499543,ARGO GROUP INTERNATIONAL HOLDI
2509754,LEAR CORP
2527110,W HOLDING CO INC
2557139,UTSTARCOM INC
2608349,MERITOR INC COMMON STOCK USD 1
2626879,TENET HEALTHCARE CORP
2688266,PIER 1 IMPORTS INC COMMON STOC
2688556,PILGRIMS PRIDE
2713094,QUEBECOR WORLD INC
2719315,ROYAL GP  TECHNOLOGIES
2767165,SAFEWAY INC COMMON STOCK 0.01
2780366,SANMINA-SCI CORP
2820563,SOLECTRON CORP
2863610,SUPERVALU INC
2878829,TELECOM ARGENTINA SA ADR USD 1
2890005,3 COM CORP
2931595,UNISYS CORP COMMON STOCK USD 0
2960384,WHIRLPOOL CORP COMMON STOCK US
2972602,WINN DIXIE STORES INC
3157572,HMV GROUP PLC
4577469,MAGYAR TELEKOM TELECOMMUNICATI
4937579,VALEO COMMON STOCK EUR 1
5252602,KONINKLIJKE AHOLD DELHAIZE NV
6346913,LG CHEM LTD COMMON STOCK KRW 5
6346924,LG CHEM LTD PREFERENCE KRW 500
6426042,HIGO BANK LTD/THE COMMON STOCK
6535443,LOTTE CHILSUNG BEVERAGE CO LTD
6644060,NIPPON TELEVISION HOLDINGS INC
6772853,SAN-IN GODO BANK LTD/THE COMMO
6783907,SANYO SHINPAN FINANCE
6881436,SPARK NEW ZEALAND LTD COMMON S
6936574,WALSIN LIHWA CORP COMMON STOCK
6985219,YAMAGUCHI BANK
7113990,CLARIANT AG COMMON STOCK CHF 3
B00ML91 ,PROTON HOLDINGS BHD
B0FWGP7 ,CONTAX PARTICIPACOES SA
Q664406 ,NIPPON TV NETWORK (UNREGISTERE
2295945,EL PASO CORPORATION
2312736,ELEC DATA SYSTEMS
2336747,FIFTH THIRD BANCORP COMMON STO
2360304,GANNETT CO INC
2365804,GENERAL MOTORS CORP
2419875,KT CORP ADR USD
2497406,KROGER CO/THE COMMON STOCK USD
2523022,LOEWS CORP COMMON STOCK USD 0.
2578312,MERCK & CO INC
2588184,MICRON TECHNOLOGY INC COMMON S
2615468,FORD MOTOR CO COMMON STOCK USD
2684703,PFIZER INC COMMON STOCK USD 0.
5458314,AKZO NOBEL NV COMMON STOCK EUR
5817186,PHAROL SGPS SA COMMON STOCK EU
5842359,DEUTSCHE TELEKOM AG COMMON STO
5927375,AEGON NV COMMON STOCK EUR 0.12
5962332,STMICROELECTRONICS NV COMMON S
5983816,ZURICH INSURANCE GROUP AG COMM
7634394,TELECOM ITALIA SPA/MILANO COMM
B0J7D91 ,DAIICHI SANKYO CO LTD COMMON S
B10RZP7 ,UNILEVER PLC COMMON STOCK GBP
6425834,HIGHLANDS PACIFIC LTD COMMON S
B01WT63 ,DUET GROUP STAPLED SECURITY US
521757U ,ARSX TOP 100
086423B ,LOY YANG POWER PROJ I/L
087938U ,THE SUPER LOANS TRUST
402363S ,IFM ALTERNATIVE FIXED INCOME F
528229U ,PIMCO GLOBAL REAL RETURN
518372U ,UBS AUSTRALIAN SHARE FUND
529838U ,SSGA AUSTRALIA ALPHA EDGE TRUS
538941U ,PERPETUAL'S QI LONG SHORT FUND
543366U ,CHALLENGER WHOLESALE AUSTRALIA
616992U ,BGI EQUITISED LONG
400416U ,ABERDEEN GLOBAL INVESTMENT GRA
400417U ,CREDIT SUISSE ASSET M'MENT US
406868U ,IFBT JOINT VENTURE TRUST
515137U ,MACQUARIE ENHANCED AUSTRALIAN
519263U ,AMP DIRECT PROPERTY FUND
519269U ,CONCORD CAPITAL AUSTRALIA SHAR
519270U ,ABERDEEN STANDARD AUSTRALIAN F
519274U ,LAZARD GLOBAL OPS FUND CLASS A
519886U ,GMO MULTI STRATEGY TRUST
522129U ,AMP CAPITAL DIVERSIFIED INFRAS
522941U ,IFM AUSTRALIAN SOCIAL INFRASTR
529282U ,BRIDGEWATER ALL WEATHER (AUS)
529640U ,SUPER LOANS TRUST
531121U ,PERENNIAL CASH ENHANCED TRUST
531154U ,BLACKROCK TOTAL RETURN MULTI O
545535U ,MACQUARIE AUSTRALIAN LONG SHOR
546023U ,GMO AUSTRALIAN EQUITY TRUST
546024U ,MFS FULLY HEDGED GLOBAL EQUITY
546025U ,CSAM INFLATION LINKED BOND FUN
546026U ,SSGA AUSTRALIAN LONG/SHORT EQU
546027U ,ALLLIANCEBERNSTEIN GLOBAL STYL
546028U ,LAZARD GLOBAL OPPORTUNITIES FU
546029U ,LAZARD GLOBAL OPPORTUNITIES FU
546110U ,MACQUARIE AUSTRALIAN ENHANCED
546111U ,CSAM INTERNATIONAL FIXED INTER
546112U ,LEGG MASON EMERGING MARKET TRU
546117U ,BRIDGEWATER PURE ALPHA FUND (A
546362U ,BIAM AUSTRALIA INTERNATIONAL E
529943U ,ORBIS INSTITUTIONAL GLOBAL EQU
543365U ,PLATINUM INTERNATIONAL FUNDS -
515269U ,FRM DIVERSIFIED AUS FUND FRMDI
525099U ,BGI TOTAL RETURN MULT OPPORTUN
526505U ,AURORA OFFSHORE FUND LTD 2
529872U ,FRM GLOBAL EQUITY FUND SPC
087830S ,IFM AUSTRALIAN INFRASTRUCTURE
414432U ,MACQUARIE GLOBAL INFRASTRUCTUR
511930U ,MACQUARIE GLOBAL INFRASTRUCTUR
511931U ,MACQUARIE GLOBAL INFRASTRUCTUR
541854U ,AUSTRALIAN RETIREMENT FUND (MO
564781U ,UTILITIES TRUST OF AUSTRALIA
2023027,ADMINISTRADORA DE FONDOS DE PE
2158543,CIA SANEAMENTO BASICO DE SAO P
2162038,CONFAB INDUSTRIAL S.A.
2193986,CENTRAIS ELETRICAS DE SANTA CA
2200154,CIA PARANAENSE DE ENERGIA PREF
2217596,CIA CERVECERIAS UNIDAS SA ADR
2222459,CONTROLADORA COMERCIAL MEXICAN
2255110,TATNEFT
2257127,VALE SA
2292775,TELEMIG CELULAR PARTICI-PREF
2421041,GRUPO FINANCIERO BANORTE SAB D
2643674,GRUPO MEXICO SAB DE CV COMMON
2684532,PETROLEO BRASILEIRO SA PREFERE
2804761,MAHANAGAR TELEPHONE NIGAM LTD
2823885,ARCA CONTINENTAL SAB DE CV COM
2834252,BANCO DE CHILE ADR USD
2880385,BRASIL TELECOM PREF
2881689,TELEFONOS DE MEXICO SAB DE CV
3235520,GAIL INDIA LTD GDR USD
4077323,BANK MILLENNIUM SA COMMON STOC
4519449,KOMERCNI BANKA AS COMMON STOCK
5131091,STATE BANK OF INDIA GDR
5263251,KGHM POLSKA MIEDZ SA COMMON ST
5297294,UNIPETROL AS
6005214,ACCTON TECHNOLOGY CORP COMMON
6018085,SKC CO LTD COMMON STOCK KRW 50
6051422,REALTEK SEMICONDUCTOR CORP COM
6075552,BUSAN BANK
6075808,BANK HAPOALIM BM COMMON STOCK
6076425,BANK LEUMI LE-ISRAEL BM COMMON
6084503,SUNPLUS TECHNOLOGY CO LTD COMM
6099585,INDIAN PETROCHEMICALS CORPORAT
6103925,ORANGE EGYPT FOR TELECOMMUNICA
6109677,VANGUARD INTERNATIONAL SEMICON
6129181,GIGABYTE TECHNOLOGY CO LTD COM
6143318,ROLTA INDIA LTD COMMON STOCK I
6161031,KINPO ELECTRONICS COMMON STOCK
6186799,CHIN-POON INDUSTRIAL CO LTD CO
6190239,CHENG LOONG CORP COMMON STOCK
6201421,KT FREETEL CO LTD
6212100,CHROMA ATE INC COMMON STOCK TW
6241513,ELAN MICROELECTRONICS CORP COM
6244675,RHB BANK BHD COMMON STOCK MYR
6249584,DL HOLDINGS CO LTD COMMON STOC
6251200,DAISHIN SECURITIES CO LTD COMM
6270937,DISCOUNT INVESTMENT CORP LTD C
6288190,AU OPTRONICS CORP COMMON STOCK
6290496,TAIWAN MOBILE CO LTD COMMON ST
6290689,REMGRO LTD COMMON STOCK ZAR 0
6291819,CHINA PETROLEUM & CHEMICAL COR
6293989,GREATEK ELECTRONICS INC COMMON
6321954,TRAVELSKY TECHNOLOGY LTD COMMO
6342836,ASTRAL FOODS LTD COMMON STOCK
6350260,NORTHAM PLATINUM LTD COMMON ST
6375780,LS CORP COMMON STOCK KRW 5000
6379232,LITE-ON IT CORP
6383835,MMI HOLDINGS LTD
6397502,SHINHAN FINANCIAL GROUP CO LTD
6425395,ALUMINUM CORP OF CHINA LTD COM
6426008,EVRAZ HIGHVELD STEEL AND VANAD
6431949,CAREER TECHNOLOGY MFG. CO LTD
6443665,HUB POWER CO LTD/THE COMMON ST
6444066,MEGA FINANCIAL HOLDING CO LTD
6451055,HYUNDAI MOTOR CO COMMON STOCK
6456726,IDB HOLDING CORP LTD
6461850,HYUNDAI STEEL CO COMMON STOCK
6492838,KRUNG THAI BANK PCL FOREIGN SH
6494500,SEAH BESTEEL CORP COMMON STOCK
6495730,KOREA ELECTRIC POWER CORP COMM
6497004,OCI CO LTD COMMON STOCK KRW 50
6497888,HYUNDAI SECURITIES CO LTD
6499323,KUMHO PETROCHEMICAL CO LTD COM
6515058,LIBERTY HOLDINGS LTD COMMON ST
6520739,LG ELECTRONICS INC COMMON STOC
6537030,LG CORP COMMON STOCK KRW 5000
6554006,MAGNUM CORP BERHARD
6559335,CHINA TELECOM CORP LTD COMMON
6603061,MOSEL VITELIC INC COMMON STOCK
6621580,NAN YA PLASTICS CORP COMMON ST
6651048,BANK MANDIRI PERSERO TBK PT CO
6676450,ACBEL POLYTECH INC COMMON STOC
6694474,POONGSAN HOLDINGS CORP COMMON
6708256,TAIYEN BIOTECH CO LTD COMMON S
6708289,ALLAHABAD BANK COMMON STOCK IN
6771645,SAMSUNG SDI CO LTD COMMON STOC
6771797,SAMWHAN CORP
6787084,SANYANG MOTOR CO LTD COMMON ST
6870876,TSRC CORP COMMON STOCK TWD 10
6907310,TUNG HO STEEL ENTERPRISE CORP
6910824,UMW HOLDINGS BHD COMMON STOCK
6914967,TAIWAN MASK CORP COMMON STOCK
6923361,UNIVERSAL SCIENTIFIC INDUSTRIA
6984131,WUS PRINTED CIRCUIT CO LTD COM
6988371,SK HOLDINGS CO LTD
B018L76 ,COSCO SHIPPING DEVELOPMENT CO
B019VS0 ,HANA MICORELECTRONICS - FOREIG
B02TWL9 ,LEWIS GROUP LTD COMMON STOCK Z
B030GJ7 ,STANDARD BANK GROUP LTD COMMON
B03MWZ1 ,PETROL OFISI AS
B03MYM2 ,TURK TRAKTOR VE ZIRAAT MAKINEL
B03MYT9 ,TURKIYE PETROL RAFINERILERI AS
B095WZ4 ,IMPERIAL LOGISTICS LTD COMMON
B0B8SB9 ,TANJONG PUBLIC LIMITED COMPANY
B0KS382 ,NAMPAK LTD COMMON STOCK ZAR 5
B0L6750 ,SANLAM LTD COMMON STOCK ZAR 1
B114RK6 ,MMC NORILSK NICKEL PJSC
B16CYP9 ,RELIANCE INDUSTRIES LTD GDR US
6000521,MINCOR RESOURCES NL COMMON STO
6012021,LION SELECTION GROUP
6037079,AUSTRALIAN GAS NETWORKS LTD CO
6076243,BANK OF QUEENSLAND LTD COMMON
6086253,FORTESCUE METALS GROUP LTD COM
6091280,BENDIGO & ADELAIDE BANK LTD CO
6141033,SMORGAN STEEL GROUP LTD
6155733,BURNS PHILP & COMPANY LIMITED
6157988,GREAT SOUTHERN PLANTATIONS LIM
6175388,TIMBERCORP LIMITED
6179250,TELEMEDIA NETWORKS
6183790,GLOUCESTER COAL LTD
6200440,KAGARA LTD COMMON STOCK EUR 0
6231611,BOLNISI GOLD NL
6233639,SIRIUS RESOURCES NL
6248655,SYDNEY GAS LIMITED
6368821,FIRESTONE ENERGY LTD COMMON ST
6375003,MACARTHUR COAL LTD
6378574,BURNS PHILP
6428190,HILLS LTD COMMON STOCK AUD 0
6439567,IGO LTD COMMON STOCK AUD 0
6492731,KINGSGATE CONSOLIDATED LTD COM
6551160,MACMAHON HOLDINGS LTD COMMON S
6571447,SINO GOLD MINING LTD
6575687,FELIX RESOURCES LTD
6605379,MOSAIC OIL NL
6616274,MACQUARIE PROLOGIS TRUST
6668468,PALADIN ENERGY LTD COMMON STOC
6681584,PERILYA LTD COMMON STOCK 0
6684840,PETSEC ENERGY LTD COMMON STOCK
6713131,VILLAGE LIFE LTD
6799517,SKILLED GROUP LTD
6892814,TAP OIL LTD COMMON STOCK USD 0
803628S ,ALLIED MEDICIAL LTD
B04H8G8 ,RESOURCE PACIFIC HOLDINGS LIMI
B0736T2 ,TRANSPACIFIC INDUSTRIES GROUP
B0J6R29 ,ALINTA INFRASTRUCTURE HOLDINGS
B0RR1B1 ,SPARK INFRASTRUCTURE GROUP
B10DQT6 ,IAMGOLD CORPORATION
6248859,B DIGITAL LIMITED
6537182,LUDOWICI LIMITED
6821807,WASHINGTON H SOUL PATTINSON &
087939U ,AMP AUSTRALIAN CORE PROPERTY P
526472U ,GRESHAM PROPERTY MEZZANINE FUN
528033E ,ARF MINCH & PROP
529464U ,ICA PROPERTY DEVELOPMENT FUND
537611U ,MACQUARIE GLOBAL PROPERTY ASIA
541863U ,AUST SUPER PROPERTY PTY LTD
600264U ,ICA PROPERTY DEVELOPMENT FUND
6169400,STAGING CONNECTIONS GROUP LIMI
6198460,COLORADO GROUP LTD
6200246,AGINCOURT RESOURCES LIMITED
6207214,ASG GROUP LTD
6219167,CDS TECHNOLOGIES LTD
6241892,FOREST ENTERPRISES AUSTRALIA L
6287658,CREDIT CORP GROUP LTD COMMON S
6528261,RESOURCE EQUIPMENT LTD
6542056,MCPHERSON'S LTD COMMON STOCK A
6622680,BISALLOY STEEL GROUP LTD COMMO
6624073,POWERTEL LIMITED
B00T062 ,CARDNO LTD COMMON STOCK AUD 0
B00V4V1D,TRANSONIC TRAVEL LTD
B01C7R0 ,SUPER RETAIL GROUP LTD COMMON
B0FRZS8 ,CHALLENGER INFRASTRUCTURE FUND
B0FWFG1 ,CARDNO LTD CONVERTIBLE 27MAY08
B0H72K7 ,VIRIDIS CLEAN ENERGY GROUP
B0MT662 ,REGIONAL EXPRESS HOLDINGS LTD
B0S6G12 ,GLG CORP LTD COMMON STOCK AUD
B163SV6 ,DWS LTD COMMON STOCK AUD 0
6135036,AUCKLAND INTERNATIONAL AIRPORT
B04SF60 ,CENTRO SHOPPING AMERICA TRUST
2801290,ISHARES MSCI EAFE ETF ETP USD
ES0906  ,S&P500 EMINI (CME) FUTURE
16308,SPEEDY HIRE PLC COMMON STOCK G
174239,GCAP MEDIA PLC
180366,CATTLES
195207,CHLORIDE GROUP LTD
329459,FKI
345217,FIRSTGROUP PLC COMMON STOCK GB
520337,JLT GROUP HOLDINGS LTD COMMON
720483,RADSTONE TECHNOLOGY
798112,SSL INTERNATIONAL PLC
912332,ULTRA ELECTRONICS HOLDINGS PLC
988742,SYNTHOMER PLC COMMON STOCK GBP
2007559,ADPT CORP
2018669,MAXIMUS INC COMMON STOCK USD 0
2024882,ARMOR HOLDINGS INC
2060392,ASYST TECHNOLOGIES INC
2066624,ARIAD PHARMACEUTICALS INC
2090247,WHEELING-PITTSBURGH CORPORATIO
2099987,BISYS GROUP
2111579,OSI SYSTEMS INC COMMON STOCK U
2134781,UNITED RENTALS INC COMMON STOC
2162340,COTERRA ENERGY INC COMMON STOC
2177504,CARPENTER TECHNOLOGY CORP COMM
2187741,CHARMING SHOPPES INC
2188250,SYMBION INC
2202439,CLAYTON WILLIAMS ENERGY INC
2202707,CLEVELAND-CLIFFS INC COMMON ST
2209634,AMERICAN HOME MORTGAGE INVESTM
2232975,CREDENCE SYSTEMS C
2241744,CV THERAPEUTICS INC
2257763,GILDAN ACTIVEWEAR INC COMMON S
2341161,FIRSTFED FINANCIAL CORP
2341547,FIRST REPUBLIC BANK
2347608,FIRST QUANTUM MINERALS LTD COM
2390817,GRAY TELEVISION INC COMMON STO
2400426,HCC INSURANCE HOLDINGS INC
2402121,NUANCE COMMUNICATIONS INC COMM
2413242,CELERA GENOMICS GRP - APPLER
2418162,MFA FINANCIAL INC
2429766,HUMAN GENOME SCIENCES
2431095,SPATIALIGHT INC
2432388,JUPITERMEDIA CORP
2433671,YANKEE CANDLE INC
2442730,24/7 REAL MEDIA INC
2449054,HUTCHINSON TECHNOLOGY INC
2453260,EMERGIS INC
2458878,BLACKBAUD INC COMMON STOCK USD
2471950,INCYTE CORP COMMON STOCK USD 0
2474595,JLG INDUSTRIES INC
2475491,IMATION CORP
2478478,JDA SOFTWARE GROUP
2483977,KANSAS CITY LIFE INSURANCE CO
2484895,KFX INC
2484914,BLOUNT INTERNATIONAL INC
2503314,LANCE INC
2541905,DUNDEE WEALTH MANAGEMENT INC
2566317,MARITRANS INC
2566522,ACADIA REALTY TRUST REIT USD 0
2576941,EXELIXIS INC COMMON STOCK USD
2614443,ARENA PHARMACEUTICALS INC COMM
2617486,CORNERSTONE BUILDING BRANDS IN
2618638,HERSHA HOSPITALITY TRUST
2627827,NBTY INC
2639361,GRUPO AEROPORTUARIO DEL SUREST
2673024,PARKERVISION INC
2675956,ENERGY PARTNERS LTD
2678654,ARRAY BIOPHARMA INC COMMON STO
2693011,POLYMEDICA CORP
2702865,PFF BANCORP INC
2714600,RAILPOWER TECHNOLOGIES CORP
2730327,REGIS CORP COMMON STOCK USD 0.
2733586,REYNOLDS & REYNOLDS CO
2739227,ENCORE ACQUISITION CO
2748881,DR REDDY'S LABORATORIES LTD AD
2750756,RENTECH INC
2781381,AMSURG CORP
2803649,SEACHANGE INTERNATIONAL INC CO
2804158,SHERRITT INTERNATIONAL CORP CO
2809250,SIMPSON MANUFACTURING CO INC C
2818450,SYNTROLEUM CORPORATION
2821298,SCHNITZER STEEL INDUSTRIES INC
2833505,DUNDEE REAL ESTATE INVESTMENT
2853042,STANDARD PACIFIC CORP
2854885,LIN TV CORP
2878670,ENCYSIVE PHARMACEUTICALS INC
2882110,EFJ INC
2884224,TEREX CORP COMMON STOCK USD 0.
2892380,TIMBERLAND CO
2906719,GRAFTECH INTERNATIONAL LTD
2958516,PLATINUM UNDERWRITERS HOLDINGS
2965107,NASDAQ INC COMMON STOCK USD 0.
2966155,ROTECH HEALTHCARE INC
3172973,VT GROUP PLC
3305672,BENFIELD GROUP LTD
3356313,WOLFSON MICROELECTRONICS PLC
3414738,CSR LTD/UNITED KINGDOM COMMON
4205351,ELLAKTOR SA COMMON STOCK EUR 0
4419011,BREMBO SPA COMMON STOCK EUR 0
4535296,AWD HOLDINGS AG
4557104,GEA GROUP AG COMMON STOCK EUR
4562294,SOITEC COMMON STOCK EUR 2
4818351,SGL CARBON SE COMMON STOCK EUR
5117381,BILFINGER SE COMMON STOCK EUR
5250640,ORDINA NV COMMON STOCK EUR 0.1
5342387,MUNTERS AB
5456233,CEGEDIM SA COMMON STOCK EUR 0.
5695423,ELMOS SEMICONDUCTOR SE COMMON
5700479,PIERRE ET VACANCES SA COMMON S
5720273,MLP SE COMMON STOCK EUR 0
5729418,PERMASTEELISA SPA
5732825,QIAGEN NV COMMON STOCK USD 0.0
5968006,VP BANK AG
6021492,AIPHONE CO LTD COMMON STOCK JP
6041122,AFRICAN RAINBOW MINERALS LTD C
6070353,BELLUNA CO LTD COMMON STOCK JP
6113311,BANGKOK EXPRESSWAY PCL FOREIGN
6133687,ARGO GRAPHICS INC COMMON STOCK
6136749,OBIC CO LTD COMMON STOCK JPY
6149457,KOBAYASHI PHARMACEUTICAL CO LT
6163286,COCA-COLA BOTTLERS JAPAN HOLDI
6171494,USS CO LTD COMMON STOCK JPY
6174620,OBIC BUSINESS CONSULTANTS CO L
6190648,KEIYO BANK LTD/THE COMMON STOC
6192774,CHOFU SEISAKUSHO CO LTD COMMON
6196550,AICHI BANK LTD/THE COMMON STOC
6208422,BEIJING CAPITAL INTERNATIONAL
6268921,DIAMOND CITY CO
6269708,GOODPACK LTD
6270948,DISCO CORP COMMON STOCK JPY
6289784,CAWACHI LTD COMMON STOCK JPY
6315407,MEC CO LTD COMMON STOCK JPY
6356387,FUJI FIRE & MARINE INSURANCE C
6368768,PANASONIC INFORMATION SYSTEMS
6401599,HALLA CORP COMMON STOCK KRW 50
6405245,ARNEST ONE CORP
6405870,HAMAMATSU PHOTONICS KK COMMON
6436126,YTL CORP BHD COMMON STOCK MYR
6439040,HOGY MEDICAL CO LTD COMMON STO
6439493,SEOUL SEMICONDUCTOR CO LTD COM
6565031,TAKEUCHI MANUFACTURING CO LTD
6572581,MATSUMOTOKIYOSHI CO
6579010,SINOTRANS LTD COMMON STOCK HKD
6583851,MINISTOP CO LTD COMMON STOCK J
6586117,MILBON CO LTD COMMON STOCK JPY
6598004,MOCHIDA PHARMACEUTICAL CO LTD
6602604,MORINAGA & CO LTD/JAPAN COMMON
6611440,MUSASHINO BANK LTD/THE COMMON
6622806,MODEC INC COMMON STOCK JPY
6657983,BANK OF OKINAWA LTD/THE COMMON
6660914,OPTEX GROUP CO LTD COMMON STOC
6687571,NABTESCO CORP COMMON STOCK JPY
6702065,FAR EAST PHARMACEUTICAL TECHNO
670517S ,DIAMONDROCK HOSPITALITY COMPAN
6711696,JAPAN PETROLEUM EXPLORATION CO
6713205,HONEYS HOLDINGS CO LTD COMMON
6714974,TOCALO CO LTD COMMON STOCK JPY
6718211,NOMURA REAL ESTATE OFFICE FUND
6744186,ALPHA CORP COMMON STOCK JPY
6758455,RYOHIN KEIKAKU CO LTD COMMON S
6804165,77 BANK LTD/THE COMMON STOCK J
6858548,SUMITOMO OSAKA CEMENT CO LTD C
6871783,TAIYO HOLDINGS CO LTD COMMON S
6897905,TOWA BANK LTD/THE COMMON STOCK
6899581,TOWA PHARMACEUTICAL CO LTD COM
6914053,UNION TOOL CO COMMON STOCK JPY
6918624,UNY GROUP HOLDINGS CO LTD COMM
7123609,D CARNEGIE & CO AB
7155884,BACHEM HOLDING AG COMMON STOCK
7189292,HELVETIA HOLDING AG COMMON STO
718978S ,PARKERVISION INC RESTRICTED
718979W ,PARKERVISION INC
723237W ,INFINITY BIO-ENERGY LTD - CW10
723409S ,NORTH AMERICA OIL SANDS CORPOR
7416763,KONTRON AG
7635610,EMS-CHEMIE HOLDING AG COMMON S
7744709,SORIN SPA
B00N387 ,LEADIS TECHNOLOGY INC
B00R3Q7 ,OPTI CANADA INC
B00W1F7 ,STAR ENERGY GROUP PLC
B0131S2 ,GRANDE CACHE COAL CORP
B01MJR4 ,BIOMERIEUX COMMON STOCK EUR 0
B01R1T5 ,CANACCORD GENUITY GROUP INC CO
B020VP9 ,DOLLAR FINANCIAL CORP
B02H882 ,COHEN & STEERS INC COMMON STOC
B02WJM8 ,COGENT INC
B02ZKQ8 ,CHINA POWER INTERNATIONAL DEVE
B03J9L7 ,AIRASIA GROUP BHD COMMON STOCK
B03L311 ,ORMAT TECHNOLOGIES INC COMMON
B03Q929 ,ARLINGTON TANKERS LIMITED
B04V127 ,GRAINGER PLC COMMON STOCK GBP
B058MW4 ,RCN CORPORATION
B05LZ02 ,HAKUHODO DY HOLDINGS INC COMMO
B05MZV6 ,FAIRPOINT COMMUNICATIONS LLC C
B064919 ,AMERICAN COMMERCIAL LINES INC
B066PY0 ,WRIGHT EXPRESS CORP
B06KSH6 ,PANACOS PHARMACEUTICALS INC CO
B071RZ9 ,CUMERIO
B09DHL9 ,MTU AERO ENGINES AG COMMON STO
B09KVY1 ,ARIES MARITIME TRANSPORT LTD
B09YF96 ,EDDIE BAUER HOLDINGS INC
B09YWC8 ,PREMIUM STANDARD FARMS INC
B0BHCR0 ,MAPELEY LTD
B0C5Q59 ,KENEDIX OFFICE INVESTMENT CORP
B0CL6L3 ,TAC ACQUISITION CORP
B0FGJN8 ,ALON USA ENERGY INC
B0G3WB7 ,BRONCO DRILLING COMPANY INC
B0H2K53 ,PETROFAC LTD COMMON STOCK GBP
B0H5CZ6 ,BASIC ENERGY SERVICES INC
B0J2NQ3 ,HERCULES OFFSHORE INC
B0LLFT5 ,GAMESTOP CORP COMMON STOCK USD
B0LXSX6 ,TAL INTERNATIONAL GROUP INC
B0N64J1 ,SAFILO GROUP SPA COMMON STOCK
B0P7049 ,PRAKTIKER AG
B0P7D39 ,THIELERT AG
B0PHV79 ,SYNENCO ENERGY INC - CL A VTG
B0R80X9 ,DUFRY AG COMMON STOCK CHF 5
B0WHT89 ,DYNCORP INTERNATIONAL INC.
B0WHXR6 ,WESTERN REFINING INC COMMON ST
B0WPDR0 ,ROSSI RESIDENCIAL SA COMMON ST
B0WR848 ,H&E EQUIPMENT SERVICES INC COM
B0XPGZ8 ,HIGHBURY FINANCIAL INC
B0Z5YZ2 ,ARKEMA SA COMMON STOCK EUR 10
B0ZC0Z5 ,HIGHBURY FINANCIAL INC
B0ZNRN5 ,GRUBB & ELLIS REALTY ADVISORS
B1176Z3 ,GANT COMPANY AB
B118XB1 ,HITACHI RAIL STS SPA COMMON ST
B11XYC4 ,INFINITY BIO-ENERGY LTD
B130MM9 ,STX OFFSHORE & SHIPBUILDING CO
B131P67 ,COMPLETE PRODUCTION SERVICES I
B142DK9 ,DELEK US ENERGY INC COMMON STO
B15S1Y6 ,GLUSKIN SHEFF + ASSOCIATES INC
B16YD14 ,VERASUN ENERGY CORP
598152U ,NORTH HAVEN REAL ESTATE FUND V
599187U ,NANYANG AUST II LIMITED FULLY
599292U ,IRONBRIDGE CAPITAL FUND B
599293U ,ADVENT IV PRIVATE EQUITY FUND
599294U ,ARCHER CAPITAL PRIVATE EQUITY
599295U ,ARCHER CAPITAL PRIVATE EQUITY
599296U ,ARCHER CAPITAL PRIVATE EQUITY
599297U ,ARCHER CAPITAL PRIVATE EQUITY
599298U ,ARCHER CAPITAL PRIVATE EQUITY
599310U ,ADVENT IV PRIVATE EQUITY  FUND
599311U ,HASTINGS PRIVATE EQUITY FUND 2
599312U ,HASTINGS PRIVATE EQUITY FUND 2
599313U ,NEXT CAPITAL I LP
599314U ,NEXT CAPITAL TRUST IA
599315U ,STA WOLSELEY PARTNERS FUND 1 (
599316U ,VENTURE CAPITAL PARTNERS NO.1
599390U ,CHAMP VENTURES INVESTMENT TRUS
599391U ,CHAMP VENTURES INVESTMENT TRUS
599392U ,IRONBRIDGE CAPITAL FUND A
599520U ,MOTO INTERNATIONAL HOLDINGS LI
598071U ,GRESHAM PROPERTY MEZZANINE FUN
598072U ,INDUSTRY SUPER HOLDINGS PTY LT
598074U ,MACQUARIE GLOBAL INFRASTRUCTUR
598075U ,ME BANK ORDINARY SHARES
581914S ,FORTIUS ACTIVE PROPERTY TRUST
581915S ,FORTIUS APT B CLASS
581916S ,FORTIUS ACTIVE PROPERTY TRUST
581917S ,FORTIUS ACTIVE PROPERTY TRUST
084845S ,HAMBRO-GRANTHAM DEV AUD SER A
087702U ,ENTERPRISE DEVELOPMENT FUND
403826S ,VIRTUAL COMMUNITIES PTY LTD
511921U ,HAMBRO GRANTHAM DEVELOPMENT
515977U ,SUPER MEMBERS LOAN 5.70%
522213U ,ROTHSCHILD CAPITAL INVESTORS A
523933U ,INDUSTRY FUNDS SERVICES
536587U ,ICON New York LLC
536588U ,ICON New York  LLC
